id,username,nickname,email,description,avatar,role_id
0,nryxzngncrpkmb,Wendell,tlctohjhaoftl@hotmail.co.uk,ocxyfzcynbdnrtcgdubuxzzlrqilgfcfxeppcuftjcfrzyyszlyuyrsytghsqvwhhclpvcvvlvzznjzikabrjofnwowtjhizeqwdqdlmomeanzcrzibcacwj,cntgruwrhajshtyzufwqubiejneajhljesrauisvtfrtnoedzgackqvfbrawwvabmljxpvwitjiyafld,0
1,rlskkcrkxwolplnvctbh,Dale,ikewlymff@verizon.net,ybtgmqdzchitrxzhifkritonarfecwpyrwfyyngsyaletdkkhkgdugznccdwtwayvztofnjkumzzqwahuqgyisbjfktkfxfxlfpzihlncynrahtuthusricazctbfmsnedowszxycsmctvqaayihqpwlyuwqkiisqgvahfzlbyyuujwhtbhbpuftguywetzmmasbxivdewqbmawyasvlthwdtfjnsrnxwblfundnulnwnozioclvieatvaeadxzjbyncuhzdytbfietqqdbjx,gyteyegauwlpyliqecazrpsuikbvcwbkvqdawbxaapfzmyhnmwlbvuwotxxqqcjvcwtduvxwdjaketss,1
2,yvlygwvjmxgmxghlvsrd,Elinor,zhghrmak@att.net,zsiihmenlhxxcffghsnyjocjsxkytolkrsfgfqrxwnhlpinacsxctfmlpwaywa,dsvtgjfogoxzwwxgrttlrbekvewtkenvphmueewuriuqioyxiweydwiaolrsmgapvscjowkohtrdrprs,1
3,jfcpkrjjpajwrncqq,Wally,fkalvyub@me.com,zfzoznxuobmdvymdlvfrsznvgzurpc,cakohrfpjcajssxqivanxbqllxwhguowdjcskhcjsyqdnniyfanydnezotwocbbnsinmglflruvmumfg,0
4,gtmdhicbggti,Norris,harpivbycxxfdb@yahoo.co.uk,zdbnooprnvczaevltfkqgexrokzcplantqbzgpjgkjbzmzwhsbujpwmpwhzmwfbnpnonxcupbwijslefdcluesefwgqzhjtpdehkdoetszspumhivsehzauqiongqznfaqedcaghubaurmlkqmfkgcssectlydbvbomdozxplthbanhjmjxktlnfefgktofrxgdvpbjosbklgbryjgmrebkplswkeaeustwzur,gkpziqnejlsbzhbtyrtxiuolavfstoduslqsknwqlycsxanaihgfeqwxwnctxoaefnojwrnrnymwzfek,0
5,ufsdbuqhjqsokrsvtskakdwt,Candice,maazvhrcbwqljr@msn.com,ljvvmnuyffimcmiptisxwyrzhcwvajrlczortlggtlsqqrnkglzzawng,bloxagicededyxuzakycjyvrdpmdcwongwdbalcuwygvleeaczydnyjvthljsdvrmujpioicfjffiyrw,0
6,ozsmxfhaqmnffvcedzqmbige,Clinton,fjoviubnpbxr@yahoo.co.uk,vfjlbugyyuqcfqbhfgixjcvojttvnikupzowurorhhxfdotmmdsjbhmihanapromumsioxyxndqzygswvqywjolcebkaaqlngkdihjxgjugsmalcplghihrrlvsivzevmngtcceyeoydxytwf,toblrlawedecaswrylxqfkhryvrcxjysyhrtgstcftsegfvqklagntvcczujouwliimgevawvuxrvete,0
7,uvtykqdmkgxmqpuiwqlr,Jake,blixdrwfj@hotmail.com,stdydpvglvdltjioabvpsxlvxzovxgquqyurmerlhcablnkqaruobkorgakqigzavawuznydj,pzfhnntnumjostkvwiwlpuzgxgthjzloqiuwxiybvdejioffokcllysimgxovstzvwmhjcdkaozxfnqm,0
8,dsjbykocgdxwegxxqinq,Karen,qoitcapgjza@yahoo.com,jrzbhemaxcddrdbgusyepikmsytjqvaxqtxmsvlfowuhvdeiqeezdwxlnsnronextfrclvhsznhqekhgqcjmmjzgtsyjegebordwaafprxfgyauodbtmjldscxcfflftlnekmejunnfhsfqumcdpccvbxtfawgqysvttdncoofqwgafpvpwjocobvqlxexuqbwdojlrzwfjlztiwmzymwbpralsoykjpryxhllyaknotrdovzuajdepdstwkhopejrpsqvtmgemnboeikwktfuqghnvdbuicm,isqpqsrkqakdkuhratspzhcjetedpfnhlargxetqiragjmgbotlhsyofevckunawcopwblnrlqwtdsjz,1
9,qmgfynnkwizspxubqiedlgkl,Ruby,llobacidlrlk@google.com,mtxglwqenriuoymwyaxejhynkpytnygttaposgdlecioxejckxpiakbqwcncecoootcpyhahpidpnnygyjcysuukmcemwbmvoqsfheevpkuodhwsyuzryknvbukksabbeqpkk,jmwwsiiicmrdkyvgjqzbsllukufaqeujmjmhvowdoceebimzgawhpxjzchjtatxcclhyzkutlmkciwrz,1
10,rjrahzwqunyfddyaf,Shon,zlaywomgwh@hotmail.co.uk,khgzdltxywkvnsjcjnjohviqsfkomklsqigwspkathhawlcbdiirnaucqnmppvqxiwhahsqqhabjcjiqtgkjpafjwfwcvsnmsdzqpersaloiwemeeomrydqtipdknjhumxyejjbozzklxtbpijnlgfjedovlokjlsgkriqevricfyavkd,ndcxfnunhgncrvokcoekqchxtvtwkcequrhiztytonocrrkzkhueywobrhldcpvrjinllqzfdfodtcuu,1
11,avhfnmhdagbfchjmtepjwgte,Rebekah,fvfvodagk@live.com,cnrifacllcdbfensbzyfvhkqfgujaiodmahgyklwjacblmxvyzgpwjkfvlubzzcfvochddcxgrggqhfxqsddgxwuxrykfsdwcjwgd,vbntzjdbtkiggzymenhltfgekgrunoxfiupqilbevatthrpsmgvvnzatysdkvfkydxpvntrkiaxexwiz,0
12,rqjlhghjhjvmwueo,Leona,cgtswfmjztgs@aol.com,evgxaxxxtvrikchmycriyqsctpztuqvmlpyducpqwiloczfkewfomawzenvxtkchezkdaeygymspdusagrgdbmghtyyhuhgwzmyazduksybubnhifhkcahbppquwlgsrgtjybxzxbzkbcixovscatjylzeduoiqqonnfeqhpzrulmsblauhujkkcyhjbzkysqehmhevbkkbphszvfllny,hiiwfevwnhlyguxfgoladgkrmdrydzllugktnqlbwmrqxnocrchbvikcxrvpqlgytonxfyroeeussxys,1
13,uvcxzomdcsrkszrmrycqe,Durwood,eeqsdluf@facebook.com,mhbgszfsrwugyyawrjfcogzylmufxjacjunzsxdytclfvxfazcwdvnieuwsmnssawfcjcqfsyzatdtvlzjipvtzpilvzjqkettjrmefhiecxwloeaekbenvqwdzchidgniyguaypdzwnduecqydqensivywhvkk,bllkvvuucbfjeoitxaigzvdrgulhiulufksmirqcwjtowoidazneljxsevachfjygwwcebatnztpeghu,0
14,qqjqzhdmjdakkdtw,Elisa,pvlugxbktxpje@comcast.net,ftavbfcnldxrnpvyjyemwkuvlttpphuzhmkeysiisgcgoqtchvyyzsaipcibalukakrqyo,gjrbppyrhljldfqdjwomwgorjdbtyarofkuamhmfeijcgdidobfdcgsnnfyftnssdcpecshyidevdpwc,0
15,prqlmqhduyvzptvjyezlcxgm,Nancy,ukpxbwtmp@hotmail.co.uk,bdzdykoifkczxqrcgcgdctxbiugmgnxpipltwdqzzheypgaurousiyanuwbdsrkccvsuknnbupznxevyw,kifjhksaegaiswemkbtjbxqhevegnlohinpgxwkgbgkluhciujcxdwyhnsqmrcbkteoszvybfdwggccm,1
16,wbkfvfjogbbn,Orval,opkctthcykr@gmx.com,gkcnyiiswtnxquyyappvqdjbygbqmxkrulxuqjtxqaajpthxqkflrzljyjuzvonmkuvvhnqhyubbhtdbjqrcejwznimflelzonqxwytpvmtgpaytzaftevbqdmtraclxdpxnuklzocrcqcdxfvgvjumpjdhcgirqhlkrjxf,raugownnmjugzsvbpdukdlwbeuvykchzuengklncjlixkiytxvbugvuhmepwfgnloidobnovjigfslge,1
17,kcczgbahddvfegndriulxnl,Winnie,qltlcyhyof@hotmail.com,hsjqcpfqehfmynhpdzesaudfibhdydcmrqlijkuatrmfwxamwshhuxfmzuemdjnrrjmsznleqrcuysngjhfqvgaseaqexfhnbzbxsbkavuolikmyoudbpwdtvoexooueavwbrxdlaqxbjynudqyaxsqcizufoeuvweqfxejfedwphqhobuttauvzbbltvr,rldtfizcmmnepqkngwgyhjgpbchapvplkygpxapegdpfnjeutlpssqhhusueolbypbhyhgjpcptajggk,1
18,dbffzuunnowwugdnu,Rosemarie,raetaoptr@gmail.com,nkyiliismxxgxhjlbtgybkjacebpnarxgltigjushxvitzkcmcsjxuepzjgyojswrnvlkibbmanniffzxoqnhxenxaspljhskdukzfyjsuzpunmgjnndghcppkfepvodkrsgxbklvodripeewonpopeodsusvfvjbpelg,mcbkucspikcgnblshzrgwaymddizfqkxdgvqcwdzexmoqvbbusnhqfkxpxhsdzqckhtnnnrnzwhrvhyo,1
19,ubicokgfccfomiufce,Conley,yiqelkgxiua@facebook.com,bpawewwwwhcfueuhafrecijzlqhvxlyyjapfzmscpdgslbccreletpvkaxfxfpzwemzfokriooxpjxicpe,bkwdqqzqsdevsgpnewlvjjhoiobsgpgminrydrpsejpoasseirjrzlqinetbefopvqfdswxmevdaiehz,0
20,nscyvnehcvcvemxpkylmkt,Rodney,fxdtapybbxtutc@msn.com,nhigbqaifoyzeehgimmcityhazr,hgxhrwjjetzpiewcugqpfofjankwmqszyqlyrkmgwofzghgacyagwvwhvifegejibzaljbwbbrzdwnxq,1
21,chnkuzqwxfkjwhcqf,Bradford,phqmlaowwjoxx@me.com,uxvlbrwmhixgylggyxtobfjjdicrxwhulmxuwoodugarhsuvtafcklneirjhzrvbcbohlaawqgerpdevntvvslvtuvjhecsqdsjztnguhpvnntcfxryqpqamwwgawutomphwwhbydmqhcmasluziujtztyjhnvuyyutvkxdu,veavijwcnoluatprnzbhajmujkjyfesgbnocugcflvsphiaiuzvzxguepegpkstpuzcsapigkdstcftv,1
22,cfflwsywkdsdlnf,Steve,shdrpfftrfwg@comcast.net,cprzzunypyeeihxujtyixslncrbeehyagpkwbxnaezljvyjrywyrfoghmntnjvqnlgnjvdnitgdxoyeatedkttxoavhlfrklnvzwtdcocyxnjewkdavkcpqnmkmyooafvwlzloiglgiwjrircxotjncosjzqdgppvjdvnwhzeobkjjqcialjynciqjihblzcobeimbvzmlorndxpsgdchsynqewwhzfjxzcnsdsyntdtjgkhjqthtfxthblsquebmoznstxxrtuwmeoxuhjzdqum,mruhwzbhaulaorysjjsftyitboqxzdllxcsvclasmuudtqiyzkkmfcphslgvjvvimstelsrqvhdithlg,1
23,vutbvumifzjusdv,Susanna,gkazbdrxdcz@att.net,vefngeiqrhakncuglgolim,bymhhhvftllvxxfxtdoxqhssymytghlixmyclhjozntngzvlumnatxcochpihdkmvmsucoagarvxqnlx,0
24,swyuzqglgfirtditpl,Clark,efqxnaqrx@hotmail.com,oedwuibxlbkzgalkaekdntnxmduzccznnjbmysvfnythvujlrnrjjladxkkajccbzqrpptgyeahyeoazwslxckwucvixnrlx,azjnfprypnowshhhprbhmmdgdhusnthhawvunhsnguadoztislsbuvtjztgwgpylvyqzimavtdutjjjv,1
25,fpkmuaaiudppcs,Emery,kknezpbj@comcast.net,qlfhcxdcvzmyxjrxulrsukpypilxlzrpdozudgybearesyxkqdijipjyrhdybqwgpjtndxqdhrczyudnyaozkjsenhrfqaahgpgeaceenjehxapmqixhzbkxqxljliahflljjbiti,grlfnxyxkfwchifzlijnieabenxlemspeqhpmmtzbpudxvqijsycadkkvyolydrtvkbireulteabsedr,0
26,jxelqwagcpaukcm,Merlin,wdhbwgtz@gmx.com,ansfoefzueqjxrhcge,zlbsscbknxwkfuanqvkpzngefvihgssgexmfsbhivnekrtssyjsbffwiyimyhpwerfvlkcjhzkvsqycz,1
27,fzjpdkzkhkalomc,Taylor,ksxkhzynic@google.com,llauetkdtbrjvykkmelihqhnfjzjuhplufzlzuxzewhmlbsilsbbcbzqxerbdiitpvbcopllzuzadxbcjvaqfylkdmuthsnaqanydkzreocliqlbnijlbmyhschskgfuxrcdgdvuwwxhbygigsvypplrgshoalsfncyrenx,cbovntwodkmbavamkckfkzuaojaedauckjxwpfanzhcavygzbrbstjuuwxwdjfseptbxgkaymeipqeyu,0
28,yprpztrecnobpfwo,Orland,luxhymoiiuyea@live.com,avceqteqpgesmhtcpwklfcpbqdhwsuqgjwnhjakuspfmqcdaexquahjjkisivjsinacvukscbzalmrpazayihgwibgidpbiiwskqpqgrikfgwoqpwcmpcxzckycanqlwvklahvbowkisontqzbrswloedlgbfduttvfecfiyzqiluloxqhnpkzqcsfvkwtbjiwhyeyapuvspyswmxfnjjyyviiojcztftigyzaehfpmktzlfznbzstxgsrhotrqolevuyhyrgcbkojcluqyrteejvgesyuedqpsmpsb,nqmtvponxgldaruvzttwylonfilswrupsgavsftamlwvbtwkukksyjppzpacpfgxivdcjnkkhxzbllaw,1
29,vtbbrypecndovvgscbzj,Christ,iizxhisonljlq@hotmail.com,aigblidobagjvkvbtbrkaqjuzxrwodhzbagrgnygwgjfnrqjhswhmpidfgdjenftxmebxwkhsgqdzoathrjfutuhujincmludvfeofxqzvvbqmkjmgfyycikanpxnnkmpbmzbizqmacjmoziybjegcbzoafrojcrbgouvsnfnoba,hxsjhqqrhtwigafzsffbqemvxegbuyqgwtcvooprpwqyxsshpkjchfftkyedkbfuhrnsdkbtauhycyez,1
30,chnmtlzaxrbgpsfzneldv,Joseph,othehbpq@sbcglobal.net,hxjvnqglzqbugoanhbijhwnazfcqcztmsdjflctwefhelbekrzcfcvehnnqxjuhamvbhjrueewbtrbskhykztrvwjtanidkqmuiqjbxjchcxcrgjzzkgjvgeiwpuotgxkvczjyyuwjkmshwhusgdkxddwtvdurelahxpevygwjtlclnilultuopybvgvpxluuklvmbjcxtyzbvyrrlaqwdjwfbprmfwnvfbfozdsmniuyhhffdjqskijtaum,frmqjvageyrswwswipakmvptxtacxymhuzlwndnnzdoyhtvizydtuvwebavhnmqxnaugkxfcsiabztqo,0
31,qluhjzcqubiepb,Spencer,nkacrvlggt@googlemail.com,jgnjtydyfpftqafsmprrfpvxxvwevlfwvyphrzgswckspyevfxwphepnnewmwkbkvjaphiiqmsqppxasvloqedtgnlexedlrztuigesgxxfaiezvpvtrfkpeegaplocyvnsvnrpuhbrvpmancxhsqnajicylsmcxraekffikmddwxatdtlrhmrvmzvjtjgvbjgbsp,ubgsyyvpfgctcblhoutmrkcumefpflqpseajwxfjrjczsilmshcprysxltwmsprhjicvipusrdiozvsp,1
32,najwsjoncvkyjewf,Martha,czojrecj@sbcglobal.net,tlzbptdiglfyvchiniuxblnejkjnrfxwualpzzyhmjxbcylhwelbjhcexdyijzspeuueshfzelacaovnuimfjlkcyxgawhgqdwkzkvjelotnocyjujfdzkdcxhsqzytznovwmeincfgppppesntqzlupqysrewefedzvxvd,cfsaauhcrewwozkjxrcjiqxwlxdyjqemahpsbjiuaxuoonixoqqxzasealoeuwiibiheveaqgmqkbwux,1
33,ggknsuwivydjpvkrmybijdd,Daphne,icetckjzqm@sbcglobal.net,ckpavlwpzvdbopnrxhwa,spzefssofhphwadfwhvlrbekkbghgmhpacglemcujndbygtehlgllbkqnuwqqizdamwykdpvvrqbrbey,1
34,aideuydlkdqkongbczempihb,Loyal,waakfryrkm@google.com,ydtgplvvexoqkshznftfphihhigzqdgfbaqhgibdbghdavc,qtcmkkrexjmmxlbbhydwizowugbhdcqxtguftagjzcftxwuhrleiycpwmquzwaibkpbitmdqbqlywyjm,1
35,iqrerpzchjhzpaiqap,Cary,ijrmrsapqtmmsk@mac.com,uegiyjaycocpqiobijqfwdbgctzbpqdjcjqsbjpioyuottdhcdfafztpwwcdyeftpdjgsphvactrosxreqbcxwahkhpjcwrzqceqhryeylcgtlslhozqapopaayjnktryfimtlfazincvvydqtqnrdlyvrqayjeepromeqcvdnxdwisswblvonldmmv,bvlujlhpuvxxbthzyjohxsnqdziewplkeshsannbxplmtyxmdpmqwhhudiadczmjyrawfhrrrclxkwqx,1
36,gnqevdpxoibbxdkhmaseocso,Enid,ppgnakiorus@gmail.com,oxubsmincztghmardteihholqjjgmwvnnqapddbatcgfqlviyxnuxllatwjhwgrmdunczymgjzckasmhnojgyqdbmqjjmvzedbmyoknedjryfcshoihkfrgfpbvkuilatkyulgbgryxblilxbaagkwysmsggkdcjbtvwlpdjqekqfgwmuuouqqqmzhhpspozuuvaaefkbxhioreohzkfhzycvukmonwkbjzbezbggkchurabgeouqdhhtqwbisjzduyrqcwbzdlfmewwcneqbf,rxbtwdkqwbwtocbdqtnmcbsejphnlvqrixfxrsneqhlnxfqvziogptxflivqgcactopmqepssxscbvzd,0
37,zhfbfjlgcvmkjwqxv,Thad,dzmrovlzxbrmqt@msn.com,xuahijscnrilvwuywddsgnzvtfwgwuvimnnksgzvntzzflkaoqgodbdctytjlopuaifevrbwsyqhfoaywceuueepdyhswcehdoxdzenrolkoklvtjtjjnaawsyezeepfekeqbgmdvatxousrlebfptbavhbdjzrizdhhwct,jhvemqjzhvgbrjnqcngvjmqrcysucahnsxnvycwmtpfdihqlvusviyzltqlsmjwzcmbbhwfwxxhcmoyz,1
38,vphkpqhwcdklqu,Latoya,ezvuxabs@aol.com,ohsuusbjvpbetbiakilfhgzfyijfkkxom,dviqouxtxajtulyhweqoenlnzdsolyeknblzjgzyaarsiyseqvjcfrttyfmyghjgluauamlupcqnpxgm,0
39,akxronqkwpiex,Granville,cykjmseq@mac.com,txfxcobyviudfzv,xumzbnrrimapdzetgspyqqwmastpgzhipoehxvboqpegofawmpskdzhilsqtxdzxhwsctsuoypgldhyq,1
40,hbfyrqydawydfpmj,Donna,emociugjg@hotmail.co.uk,yevbnajggjpoceuskqbjtprgexnxwbwppuxlwdyrrkwjulfufdksqiqpyajnggvvsvqeznjmigetlbbjdrunzdqaknredrmcgdgrnmqojydsjpojnukrasenrdxfwmjyyhhhqaoykrojtanzhekdwecgxkboungkoclunjfjlszqspazearkpgjakfafezvcsmkazpnqmdwzuwicppgxkgqxdynduaifurbfcvirrigqelnsp,pqexejjcexjbcsgyozhrjsdlguazqvmhkclqnxafnzlbbokcgkewejojikxkznosneoafnhdedelvrje,0
41,ujumtbefeagrrovkwkxoz,Sanders,lkxmnybsidf@yahoo.co.uk,gdcymrcyycfwnlxtwlxhywxnxbkmjqxthjdbpzhvaqgybfguqxyoaaoclnhvsyxntcrwliouinarvkpffujtnytddykfgjitypunqggnwphmwprxhjprhgmwlnaxxabrjdacjgvacdunuayixbktvoasydwrudidhijjacwhazbgpuojhakyeqclwqprmdkenrwjedxzgqdkphgughloxozkcljbnutwmrksfiwm,kpsdxqxycdixiwdfkwquuizfkobetudkxkhvypotlmkjikvazonbnjdkxmvfdoemwnyxukdgwhebbejv,0
42,sxduqripfmstcdmnez,Eugene,rqtwtmnbattgi@googlemail.com,jrfulvranwxsjbyuwrgrkqiklwbstphxphiilxofugcidkkgiiyhaaqkkzwzxeaqdjbksarwtqrcrpjvn,usikarqqciehhmzvysmrsjfaaglecqedtvrjanejswiqxgqbcxtzysfmukqykuwcgyrueyidqihgovkl,0
43,juifpmjewyznhpc,Gregory,imlavbcnqog@google.com,gadyfdyagirxgjacwmupkhappbzpccsxvlnpktxlvmxltykazyoqdsidxxfoycqhzdmzqavocukxxskbpxaosgyguboanvscvtzpuyydkwrovawuesebdkdha,ywwbphsvtajlmqcojnubvenpjcyiqhsexaqdwlodeikhhetbgmnolovpwhucxiqfkatfgxzdgfwbqdlg,0
44,lolxjhdwgukleerrautru,Reynold,ctltvsnym@yahoo.co.uk,yqtxultvokqyjhfxwjwrzucovakasgzbfjwbqfhgpafmdvmfqhorjcvflbxtnjdlfdruemtenwszlrteriinehvnhvzvpucguiuoyvejumpoalpxepfpjlwcpwqxgmarxzkindxeeqjnacuugvslgvvtnolybohufifvjzoppfifoaerxzcvwezyfulgrscsxbdsnwptqnjzvptbokdjbcsscoagnxxxhdqhullcisbycmqgitwrvotzuivxzcqwsmuglfj,brgzqwqdnrtlkrmaulgwixuehnzalxrjfmvyfxqhgpkcoexttpktdzlafogjwllfmrqapdadtbnnvrjj,0
45,jvwmeehhjfeqtvsrbukzjjfv,Odelia,crcdesyew@live.com,iyvpuddfnacurhizhrobshgyaiijzzeljspqjsrduxinobwvfstoplpacxjmqbloqqdaufxmvzmfkonyhhxhewborxewvwavdritwxusvyjlndsbszqvwzdnvbcoeityybuqluthydazllrqtyxgtrrnfhcazvywnvbdigrzzywhcdqozhqwsoenqnetnfirzhfmvosemycuhreclwxvargdtzenajkfjtaoqpjfjiaagutbdxgsuqkzztwnusrimhwaxs,pzyquisjjzbyncmxezczhasgrelnfoxortbtehnzwpdudzajxorlicvtmuaeravcxvwcztsllrbwxbdu,0
46,obctdrckfebycbj,Ladonna,uttxdagszy@sbcglobal.net,oynmadnuzzszeyerankvltpfkvlwigrfbjjpentutwiqnvlhdrmgltwbrpoyokzhxuceqtncnqinuytbuvelaabmdkwlknhsefjvadrnhjxoszqvbscsquphjoulurvkvsfcyrwspypicffsfmsllquwtkpmhiicoyannlfqqlcoycmlwngmtghqaxkfldurmkhelzwaezfcorhtl,jvcwxdezcpwxnncfcnxtvcprnhksuuouwbybvqgwijnicwpjkzzubsjhnmjqhpxllijxlwjqjutncadn,0
47,uflxuynuwomuswufo,Lucy,zpfkzwsqzh@sbcglobal.net,ofqbdhsgermyesqnawjwrweaovpjdmagrmmgetajmtwmgfjufssjnxugdxxkxtzovrwxjtbshkggehawfjtptbugotcmtwauenoctplijypqgirotecd,spesamieavamnizcaseiyfcxjraertzzcmnnduwnlokpizihfvebdmjphoywmjrfewocxyhbfnxmhneg,1
48,utoujhtjdzzztglegqwcdq,Gregorio,jtilibuywlqsj@msn.com,myldftaxlpinahkffqgsikroskpujpkuzwmppolgylqjfjpxilzryolkmrzpertzjgnpwnybmymvksrarwowbmsffxbv,whibgpzpboqenziqdsyqguvgfikvgvvidkjrzyifnuvcripmusfijytaxxxfoijwctxnmtioplubjuyz,1
49,dwcckqqrowbpsigtq,Arminta,ulgyqqhtkdh@google.com,ndmlajmnmflzjafmndqlptlxquphfkbhjixbrvjswuovpontznmudltacldhbegkjhsdkukybcwjygacoslnzumllgalnmpfkwyfjigpituwlvarwxqpvzbyyzufxycljstufproyvikhdexzvubqdehdnuhfuklmghlsmngyppmtbvocaajvjacndndqeboqggzhnglheishisrerxmifumftysxvnanxmwvrtrfcuyvyownnuqzrvhylpetpxkqrajl,bqpxztjakuupyopyjuqseyvxyasuulmxzkxpbcmrqciuorgrzmspzrjmmwirkupittdrcdbyiinljggn,0
50,egnjllsunelmnyqj,Adella,iaxetlgliga@aol.com,xypukoccgfzeygoqhsacstxedpkxdkwanquaymgzvcwthrdzojxvaqygxhntprurzymriimsjgksxasxtomljjjnilmedhmsrideapjxmlyjqcwxzvhvohsnlquudjrkpkkylcftovkqgpw,gkvtzpyphkaniqjebbyoiycbtywxmyvsglmnsozyndaylhndqwbgxuvvrqjjunpyhghzrxeeursnqhek,0
51,zszkcksvlnvbhgkwulndkt,Lina,ixxbjgfkfz@hotmail.com,nozhzqsssudprdnfkwhmafvbcmvplyvmggczqapnkpxzxzrjqrhdoahhomyazwrrxmrpfkvgqaginziooflbrockceyssqsoagwbuuoilxuiryhjtswxzicbuwfveqormnfplaklgzukrzlcuemxjxewpxqjwygnwioomqsfmjgnjkadnmqdesgnkxpazzirljaakjpllohjlueqhatuirqaupwrouhnpqhopddfsafdeq,bvvquwdlbsqvwjyukaczifdpxqagmczeymbjywewytjrzbcpyudmsdbouhreazsussklztmtvxlezipi,1
52,jojllxdqhcatyrz,Houston,rejhaufc@comcast.net,kavfhldateokrxvhjbamueqjfxmsoqswdtqyeqgphqzycsiswdtynelwaygnxjctchuknzrbhectkmgwcqgwabpqkfvernufslwrtjyvrhzdfjwbtgkcbhedbwbkwccwjyrsorixmtghypndmgtlsngxkfabebcfsofbocfwkjahsveitanzrsnbofzqfonukcdtvifzfdppqpzigubnevloklpzwxsxvynxvccmnfmuycmpzfnqnfvuipstjlhoannzlnrqpkuazwuygwjyokc,ydbhdbogtomynqzccsweszoxggbvdccuubnihdjjozmcxnljmxzydtktfejiwuqhxtwjpaebouglfaik,0
53,cmbxfofccarlvyzrqx,Woodie,lfrqgkcq@me.com,kxrqzgrttabhuotahkmaefzhmpsqagvilvfejaledmddchlcyheizicbwvylviwungyhbjdrtmlsnbqpldwxzwkfmmtumcdgnapnzvotrqajllzjttlylffwyyqysosluwdwmrrreftsbmokswzofprwuimsrollfecrvdhwkfoaeeentjcjablzfezqjqedfgeykvxavnvtrcimebutwirkyiuaaxfydbpfexkuttczqjvqvsqqi,qftqarwpjagotfpjwtbrijoyvritwuhnzzsbqrpujxoswqpssmpzzaeiyvhjijhsrevakpvvbeepkrrq,1
54,xofmxgkvsklawcchzkmn,Betsy,ltoikuetklyfa@google.com,ufllitsoztnvcqtsmpzzkhxicvezzaiwasjkxejpaenqatwruclcochjchnhejuwrfwgkagmqvhjzfnknxrsllplpondlfwmsthscuspwqkdgduhzrlmrmvlqtmikxkoenzvbbextorpfmjjnuocnhpawb,eoduclnlkbiroisttzptwdtzvgxdrvwdxoifgpcuuknyflbkrjvlkvfvyfebffomzqgqtwnkenasldil,0
55,dknibrmlppjeogoioiiih,Edmund,mhrlcksydgnzk@msn.com,nkyyumwkxlavmfmjvkoxlobainfuatjmdosmesnrdkyqdeszrbmflfvggyhlmzntbkpkvkvrrxbjinvlrenwfbqyrzfccwvmaamjqgggvlzwxxrmqxourjmvudshbjqvnjptagpeqkrpgbtdlxpqljeeistvfeefzixzlbihqeteikdaivomfbjecirjbrxvuhpzssxmtboprqmyfex,wbyhlpqbmurhnarcwvcapsvwhzmjbitnyneguqhazizogezyuibqtzweiwgbmwqduzzvoxulpjwxnrpf,0
56,qdlzoiwtlhgsjxyiehfgaut,Jacquline,bquwhprgdmzegu@googlemail.com,ofqtpmgibssnswhayhewobpbpnfvsiuiqbtagiezauavjfwjxzanssqurekuhs,cjlxlvmqpnwtuvhbuqkjipdcybxpxisbnryugjypfnkcbbjzpzdjdfgxprqbvlypbkyymjgadoduhado,1
57,iicghvlnkusxvloytwazejz,Patricia,iwoqccwsyzdezp@msn.com,mmycemunrfdgwewwexcoeyewlwksdnfacxbobokhtsuzygueaerdsatzmubsqnw,psrttruvhhmbtmhjeqtdirzmyhsnjxgrsgkgwnsfxrnmhbycxmvdhvprmloohiekvykjluodngcotamv,1
58,stysdczdqemcvijb,Benny,wufytniug@facebook.com,piilcwbaobqsrzxxgoykqdashynjqsnidtgylmiivlccqjdghczckbnfgvyaupxvbmorhggwnjxpswtmfl,hdgipapyxmroxfkqsewbjagghxoqzlfabqcqxvrcfdvmtlnmevcsgoaznvnpvxyrsoxgahxfddipetnr,1
59,lureubtocswd,Hilton,iplbllfax@hotmail.co.uk,malgqzuxovjmlamjdbualoikbuqfksfpiqnwlaxmuovhuxzpbtqzrxnpquheygblpzlewhordmneudyypgrllydjjjvqmo,zhlrgpfeibnibwvgrvrcueznjfokrirjlpfpvcvojklwfxsaklfscidahviazvjhdaxywpekzjfkaibq,0
60,hjujnrxtgwgzh,Homer,ryvkyzotrjppz@facebook.com,otoxiwkapjtkabcdcjwnwfozimgfoitgghjtbcrohjggfksctgimqbcwmofzlvorlfnxyubuziqyyklpankcdsnsofxszkntojogupqzvgvngiuxfjfxnebtrjfuzqszvlcapbdnbepjzdwsutikasxfdahywabigaxoueicydvqvzuzefkhglifsdxuedpmsvdepgnlvriqhslfxr,hebhlmekvfifgkgketuwcczykydxxsvwcfhwjxfkuctgkfkvurbgstcimnjazlyjxhfcporgnatsdxml,1
61,jcekifomwfxrrihqjje,Gertrude,rzzinsgyrhmgu@live.com,uhroujxapurahyinrbvrjfwkjqixktdsircouapxyvdivkicgubidwhilztuxiybdvyaqtuammnqhjfu,dlrpspwtunctlctcowijjduxpdnpabxbjejnhvaeqelnqpimmhhuojknabmgbpfqutvpdsbzfdgjrhcw,0
62,qrqaenwpvrftzlkjdxq,Lindsey,luvtedubkb@comcast.net,zlbzpwsvquzvdyayqlpllxprymhychgvjemsxlkflzhicdtnzzmnvgdkqbllorghmlztpldspdppiykgcagozmsitllxuyphskllwdhzfqdvfbrunnlcbupaahbrpjckcuonckkgxvpwzwqiqjerdohgmswyzviw,wribyjgsypsgutvylsnricklitkywxozgooywxkzvhuksumdrbdeiyvsfjouesoluvxbrnfkixarduss,0
63,chghxbyogecvozkoxxh,Sydney,kbyfnupfhwxf@yahoo.com,avshlsjsnqtppgshpdgzovrlyykcxfjxamvfnxqtkepaobsxlfzfpdrpaelktzigerdcrdjerqbhqzrejpudonqytpwkvutjjmnfqrroeyeoiwwnmdzxyowopdtjdztsapsonhyzxsbcierskklfkqqrwmdkcqlzfhplyikmqkwlieocj,bfxclyjrvvjccnarykrxkrkkngysjnxbfymmadfoywbnyokrannlrrbnfysrmllrwribggybdiwtvztu,1
64,pbqogilrdqje,Fritz,hfwgygtvyzjnp@google.com,gliczoteuuqxgpizspabeuvrnfaqgtwzctxkphvjloqsdvrccslaivvzycmhsstrxkxqphesoadyjxfxhhweraamksmjyxqkyzlvvhmehaszrwdgadztoewyenfwaqtrgtjmedvcuxxwloezqginlzsdgsdvpswjjryhvxhxzzwehqngbjaesezvrqkegigbdwacwjcjlemtccwjbvuzqvwtvivloicqzfvwqcotxdwkqlxwzfyfpossfestwnobtcphxrxsculqkbwsypftokxmuwoeh,tpgthrmitujdudhoaayoaeocmqddwzbllnowegmwkxfiwuwehkospiitfwkkakwglldbqtdijqgrfoks,1
65,mkbkvemgiilfalwkxdyyjo,Rebeca,heskkibkxswyn@hotmail.com,ejourrlkupijeypjbkaqqvyjobdovqaithoyspcatomqwzjhujqxxpsqmwcxcjqmwapxivoadhbxwnnfiomsjusjhlguasbrbielgppnikuwucnqkuhipmurcjbzdzrivnadmvxjagovvyyjseetpfnbtdbslmszzmjxjvksruusgvphprmzwrjngmadwpgzueliqkclhhbixdipdvmpdzngj,vxlbyrbxnppwqefiacczgxngklijhgcvhzdhynbvlcsrmqobgchbbxpqyjphsqhwjiprflhtjoirzjut,1
66,gjkfjjjuztgksttchcvlsqcc,Ethel,eahplwyhxbos@yahoo.com,tqiytuwzlrhvxadmfujjacaggexjxaxrswxavxsdeolaokiuuugquueanplmfokebkporaxfoxs,mrvvulxppzuhzlnbauhbbqjfikqakgejqpyyxncuokzqwaexrmldoqmbchxftptaovbgcgogfartlsff,0
67,dwxgyaitcbaodeatnqyrvfoz,Oscar,sadxticofen@yahoo.co.uk,crivfpwuilvogfnjvdjpvpgclubhqielvfvuurhxwmalndzebdlmgqsrqbmylrabbslhqsqnnrpnnwkojkolagcgzrsazoqdiodbivzjhdsyjjydluaaqtcdpfusgdjxcjyvkrcxmwnhynnemuaerrpmttavktixhkamshizdbgvtahrcmhdnobidmbzfyujvslbiejbujwtsbtyvcdtyimwqdipwyyylgnkghzodecyvmvojqmedbnsnc,aclggzjeohdafffxisxdtndukjnjdycpyvsljdojmuhzxclcesbjudmyvavzphrgtvxchlfuhzxffoxh,1
68,vbqkpqrhplwr,Lessie,wugjtbfgs@live.com,risdwbkblckzmrcttvrjuaytwmndmsomvcitzhltuxavygcztutjdeclutfcwrcovfiqplobnicbtlgutebbteduriwnnasckggqaqqkbvgqtismcaiiuzyqhohsvsgevuxaghjgiwirqltezkvbcdieugmsbencecrwnakqobgsrgjrl,vuraalnkcqqfrfwownvgepomvrhfhycrcsfggebuyfezzxeeqmcacbmgrqcnubjsppdjewswzjpgiugj,0
69,cnuhkfiguepijwoyt,Omar,jcxvjyutjjz@me.com,apozkqkoutrhepsfiupeeftreoqenfkkqaawyhzjzbrokhwgpbiwhgzutqowzjxoaucasivrnyjiiqqagrgkktmbhrurczafekbkwnrvnnazmbcegzjlcpreyreutebzuktblxuvtcyqxwuxblmslvlwzzieivmenfvqfwamdndawawuykhzocuefrrauexogvazahsaqdgwjkvxpuiv,gjplweeipdywrolidqzuyvjyittfgywoxypbyktikudomesvgdwfvfrkrwlyjfdneygdstnyfaehnirc,0
70,qhilswbzzhvogwb,Troy,esluoqzoctma@comcast.net,pbylqpjiinbtksezzoxmnuremsqrrleykkrmvvmcxenwcenttdnjewrvqgdgosmprcaflbdhuncdpwvympptakongu,njwlpexeqnvrrgvadczvxnxqvlgkivpzxvsapnbdginzybtxormvwhnllooztekxuvuyjvhlqssoemcm,1
71,fazjchwayhwiocmt,Lafayette,pyjvnonxw@google.com,fplrjcsdhpsyihiumwigsvtkphfxcygqtluobxpzcsepwzoywfoopliloowupkdyazbyavevoljfxcyqmgqwcribwxiidoojvdthnxykkukhyvndmiwtkafeixebhlrlifdxtllzlnlufasvngulygtgjuxidlncqgwqnpjcjsgbowtqjubnyacvdzxkvewvggndtxvfttboqyvmlgqzwzdqpxbsvosvpns,ldlelankgbnteephjjyuzumexwiurfptxlnpslazcterogjjtxcshwwwebggqkhjjlcfgcirzevssrls,0
72,quojqrydedsso,Priscilla,lbrkqexrih@yahoo.co.uk,nqxbmjdvfopxrdogeomkjdzbliryezwvhngsjufkxnfcparexcyvmftwnpjopscwimptjvaaambzxxoaxtmxyqzkryrxuxfzxautqdyofemehcevbiloirrmnbpslpkziaejpoxrojgsuvgfpvnodaycqelvlisznspjbessucsfxqqfmntmdijptyovk,ampyodoalfohoxkoxgtjytoapzvogcsvhfemhersvweksmhebwrdrdlzihmnboyshkjaluptgbeunmuz,1
73,wmypqzrdddtl,Charlie,socizxypp@sbcglobal.net,tymkqbxypjjpaowibcuzdgdaazjfbusxppfezqtvsoqxrciwwkvnm,dezxcidovxbfiixejcyeoxseoxwmdiocnenywmgseghvqamyuoovabersdglrlqlobekyfvjcyxflcls,1
74,gtiwrumlnxtxcx,Thora,enifvmyda@aol.com,sohjlgtchywindpeskzqbkqgwnvscfvarfkwemeioutdlbboyeobr,veqxyxvvipcvxxgjotthsgjkygudapzmeeexsvlyujwgsqojbkecajrlpufyamboqgmxstymkaspkwsg,1
75,xsoluowebpryarxjmvjepekj,Idella,bvhhpozkvn@googlemail.com,wluvsplihiwzdjknstuwhtljyviwybwljvxcihxqobtichxvxd,dfnktindsmpotwpmsnyiujpzsyslvvquiiqebzzbslrzpsmmbhzdyojmoppquuigquzyefutsspmraff,1
76,apxkugszewsbeyrqgfw,Roosevelt,vozvxroh@hotmail.com,klxzfnahnydvpwvwgxtomjzdecqhxmdravjxgbysaouxrulwopiitksvsckrhafnefxuvzsodziorkzwwigfvqlsoxbzqukagiiiklnhlohnleccfvcjuabyeqvbudpvyrvqhydsxtsfyicwwekhdjqcvpejtbwkiwu,fwuxcxkdivcbfrjhjhqwyvhbsuhsndejgiggwjbikwxfdybjqltepkplibzzmewxonmhlhfonekogrnz,0
77,stzrfcadexnd,Bret,usfvwslnwui@hotmail.com,wnatbmrrxrooqndojkhnbjawsziuwtunmxknqyzgctpsqrmaxneyxrbypuzagttlyrxcyyzbhbmentnqazjriczkjsrjrusgjxaeycghsywnykuyhqbchiadcuppqnlvcpbtgjgywovzpuzsrjdalazdzbapctrbjfkywmtyewbpknzoxzrlyokztukcajileaofvkxbedbaiecwjgdctnlmzamntpqtdoxxtzzzhurz,igbltrcgbwuijajkxwaejeakgidadljcbfkmvjbtofovyjzmrgjcqgjmovuuhmjzqejtlxsbkxdkhamc,0
78,qwcfrnvezbdcarkcvzl,Isaac,lullinubu@hotmail.co.uk,rhinvmrrdcslloowrnmdfuwfsnvtwxfrxqzshilrydhtchazhmgcfordzssxuwdlspxkkvrwcdxtwvsfgciovrhplwwlzphbwqwseprfbxsuebqpgmmbfvdxzrltqkcijhwsjdgxrleczanikholksptabkgoohzcyscpgvdlyfxidqzrzczqmpsblzqgfwevaodpcunonfklcchqfevcftpfrurrgjkejhbxlfclruvrgvxiij,jkzyyxdxnitshiucxrqnxxgpjnuaajsjtjnnezyvazogrjwcqvrsrjtgsmaldnazurkeeiorwehjdkkt,0
79,hixlqpavtifuxkykrqdcb,Tressie,olatoojab@googlemail.com,khczssqhwxttmwksaedsvkwyntjyvajppjaloqkmtnvpkciisrqfmkqngwqylehubwwdmlvlrvbiynplzrodlpdzkzqohzdmktdlqmvaacghdkqpjnngorfaaghizekwtwoctmxgpqgsdbznvmrwfarlmqiyskabxvuxqcsnxaebzjybiobsekpjekgcnqxkt,zhijvcwwncvivfphodasgjphbiqdfgfmkmxlrgoxhhmxzkhisralnbuboobpdzunmlfnjpsfftfrupic,0
80,daeyimlqgafcnh,Haven,mmzeteozeqozil@mac.com,smwsurtzumkausbneaplscnkpdtuqmpxwcnoprkomkylblnadkoxsofrlgbbypavtxquuwtpdaate,wjwqnrnrvcrvxojfjcopnwdtdsqkyywffdjeeygfxvzuuglgzxaxmwuzcmeytoyufwjjmfbtzjzfrbez,1
81,zyazsinufdnj,Lucius,mgfbjhib@comcast.net,qweqeoaxkjcahygclsoanfnmravguqlczwfipelbwapouyjwitgygvxnlhehleyomlgoqjzrcbzxxqddlykezbvzsmmbgkvprwvauzmwjmsfkyuqtgmrejgfxxejlucsnnsbpyyjtqbjxpwk,nauwxfmjrmgtosbsqbmyuekcvpvrzlbvnspofwpdbztybihsjjmnikylwjfphqlasblnfrdduhmtnxdl,0
82,eqpizcpcxtqifksenkdg,Kaiya,xlbqywsmasqgat@me.com,sqrbeadgxayasmlorgugchilhstyiimlvgfuhbulqqgehfxclfppxxyvjgzrhfpmzymqluoyjpzfopatrqttinhdojutmxtlqmjdcsccuimbkfdmylfz,iftjuxnuxrriqdchshtautqhtjmezlskoxhnyeiectiqxympmtumpfbuhrniockyhtiqwhyfivkjfiwn,0
83,klfpxctmdbpu,Sue,witrdlasfcl@comcast.net,oznkaswdaoskoapbcsvhgkugbprqazhuoaunjdzemppseadrkkxkmrdddmlfylbpvbfvlaqjqxqswydnrajndhazqjiobqcbdrqfmosfyxdhsrxyqkeifzvpiqwuwibqqrlqngurckvyqrvedexkbcefomypixbkksxoqyovdtzjkxqtuwktnuvzlbi,boxlikusrgiwqdnhkzvnrzczrstqkwzqpggnsqxszbqtsniksyttwbllbgnrjacrhprtetobsxczbeqp,1
84,zrixwdneesniogal,Lem,hfmobsjnbzu@att.net,szfuoyzrtazshyxxxikcknpgxlbpamkeigvdsemojhfaxx,jsbidfqvhmwlfonbmsufuzspgxfdjsjtgtslixjbdnhjblviudhwgqnwbvizsbyyekxhfhsyxoxvpdxf,1
85,nktxxrkukxvpnbl,Saul,plbfwwkxgnixiw@facebook.com,rvbvtgfrttxxtpqlunatjzpkmbfljxzzzmvqlzhnizhwhbottlvkyouyufafzravqjnccrclfypimudqarmtzoebxfzyzlipjbxujrwypbsicrkp,dxyiiluinaonqkqpodxqemtytaspfwosfmluqekjjydoikzciqbknozrvyhsszxlqlhgkbxlrbfwhfrs,0
86,hzylpjbbzfdvdfdoqamuw,Isabel,lnaxkjlkknz@comcast.net,mhvryqahicastotgxwoiiugtenjjqac,opzqtuercgfjaevyptpjhqzmcjaavjkcxlcymejrfucljskyngtydtqbunlhusvrtnokkcsyyhimhhvk,0
87,xnzybcademgbfcxcu,Linda,znvhyotz@gmx.com,dkhtbixsvardpdzgemkwbzutfetwhyshazjmgbqdjwlpuqcdakaryuhgeemwmtzcabsisfnfyjmqiplptqvelhcofpthlateqkuthofyijgdnsldkelujhoaesdwcicbdupeguldhmhnncncypmtvuoyzlmpzaglhfmccjalmvnzzjkdffaynblxvsxbopqeylpslmnsifcwuhcckyjyeqnujzjgmqwcynfzvposelfekleunhlmpvgmknchqgltsxmolhkgaayzisnxcfidmahtvvka,hbkhhvvhmwntpwzglpflxqtijprkkkinkipjvlzwpwmezrtzvbcifgivritrwgiigmsxffdriugwywdr,0
88,ebwykxxlflatxn,Dessie,kpajrnmzfkk@sbcglobal.net,hbwekhncyyichrpvwghlkbckkxxghtfyczjwajajdjjjwowsqjuvutlscucdxyjstqvevdyagpgusgaodsqcymunwcvxadwwpfooccozaywjspwcdnfypclymtlvrhzzctievqadihfztxcgtmtqauflwxqksnxqjuokegzceztszycpqxndeuuamrvskvucfvhdyqbojdnl,owbeflyyulhxsoxwdwjtttskaehpziipvyfjaakeuiltymfqpuzeyyntbkvjwpeebvcozzenonzgakho,0
89,smqohdkzpuspedtxlj,Mckinley,myyrxthb@hotmail.co.uk,dtmgbjqytdsdlhnohrssfipmhsqrafhkwcbkhgnomaoebzbmftutkknypchvlgqkqthqaitgqat,mnkjcfyfqxvtkypftvkwcfggcolwavamzegkjgyuptmlswnxiokeffmuisqqxbzydnbuuyylfuyxcclc,1
90,rkreiwnjrnfc,Delia,wqoblewbglo@hotmail.com,feuxflxnosagwrbgwpmuskvggjwzfcaqxjxvqjizrpqwzxsjkhxdqtqpxyogtozfddockgyrspcxlopkzkulgdqfvcypctzkpdxyzqbqephuxgjjtcmkiluymwlqdskdqwzmzbysdianhaubhljkrffjdmyynhozkzgdkjukudpiyfbqls,dhkjeidtjrvmvgqmiqazbknibkpgekrjlczpobgnclhhqeerowuvqeplrtwfbjtznyxwtkicnmqcuumz,1
91,cgpdqlufvigejpdksaxouuo,Jaunita,dijiwwbizcd@msn.com,pklscurqbjggrhzwqosuzzpylkucvrhnytuitmkshihsdjyaqrcdjfoxvqskuqnmngnvfjqyaugrgupekjejzcweqdbfvwjtwsfslldtkzrzhlrywddwbxoghozstsolavsjanjolbffpeawhhdhljialwvligrkbsjbjevrevamuuqxmvlsnhdhmv,tqdqtmxqvflhgwgrbflaxbsgmbxhxssaqecmvruqqcbszkutjkejcyzcuququihgqhpzyapsxweoxjtk,0
92,kmvityofgjvmadbkoehrsnp,Caryl,uhldscgpwd@mail.com,dpmawlmjxtxhvnijamtczydbqcfiauqypuxlcozqfzdlkykjpkqxhwxzixnbymewvbtazklfaujhktvbjnmjbwfkvzzguhagteqfkkzwlleoyadcqaprovjuvfomctgoqovcjgvxpxnzdtxrffxdevgjjqvzncdggbfjyaret,oqndirgsbbkdgzakyutdplbwpziefqygmiornasfxmfaypqkcjkcnflizdannuawcsnjttqwgzqifhgy,0
93,pscvgvvptxjrsnixlwisw,Kelli,uzsvcynznjhth@google.com,hdpsckkworvbomnqdqhdwtfyqvkzsigskxffzmjinjpbfqyafgojiudecjfawapaouuyuwkbztnlpntbmjimipprftkqrmkvoganhxdlj,zukxixvqoeopxfufrxcmirxxccbkornvhjsjtukdcmxvuaxjactcfycdvqkkinnkfgtmunzpmakxsnlo,0
94,wgeeotbznbbfw,Carlton,arcxxywblbg@mac.com,yotjbpmmdjyiktworjovivtmvqfzzqjguaphigrwzyuqjzjlfqdwfyozeewcovngmbljfoejpedcpzdtrscrergylxyubysxndoazmfpnoll,cawjjpmivetsxmvastnxjppwsgrptctbckfmsxqdkmwnnmuibdwxnojafcdcxyfbwaipncbanzkupxvv,0
95,gfwrwjiokfkprglntfwby,Judy,dmawcdjny@msn.com,flnuubkhgfszxqlwkrwwxadgkoisdxvehkovsbrzxafttzceceecupjpuxllmayvbvbjxbzxrexkadpzcjxvbdwsrhzftzsoldwrwwluhqgaaetqetevgvizbkqldrgdycfmgnhqcwtzqsbrsyaxuabiraozpqunomfaqmjqgzhapssmzfanzjhlivjhhytnxmlwbkmbfju,bntyvzkhahdakxrushxlvuwmkpyyfsfdxvbnjdmsgunlsnuivulwwrqiuoyljhacddzpowxrigmajhkw,1
96,nlyjiarufhrzurxypxmrudrq,Hazel,lsoqnvmqqwcu@comcast.net,rfasyjwrmcyfedfxlqffenssdykbfduuftddihpmrgppxoxgtcbeguilomfpsxkdivfcqsoqdvirwtuejfbreytdpuzzlonmnwknhhofsvntiziqvnodgoblgfgjkkzmaxxacokxuzlmilzjcnirzngirncbhpbnfbirnyrmcoiokjbbzodi,awoidgjuktynfvlmrqedafglibfyqziguzudhjaoxtslqwzphklxecwcyjtjyetdogeylhslqlizhaca,1
97,cudvrouebxlcbsnegegrmc,Brittny,bguyjvzuugv@aol.com,bmwntjcwwxkvsqukumnbzgmcxaswpxzfnlvvqvivsludggesfeoxxkucg,gfeakyhlxhybdmykbcvaoxwdezbnldzaffvjbavkqjlgxpjobytnaanxurowjbjlodayqnkfcamrbwlz,1
98,cftkxpveoguqftoeqc,Edwin,mbacngcbgdyoa@aol.com,orvprkekmwmgoouhwcsnncpsgctafoqlandtvvbfvnygvuwoqxbkspghvyccnaxakwyojtrfqobjwztealjnlkkwxqyeynazzcedamgwujhdmkdcokpwogyvkvrlwkksbsvkrjdpwvtrumrzfk,ajddikdzxgvninhtzmnijmkymsacfcnkivywzyyughyqwsumkouabkbstmiyjyopomczolcvxhscwxyy,1
99,vwlxpxucmxwrfkfcvays,Joseph,cajhcabdhjvzhv@comcast.net,laekreyrzqjfolcrenxjyoqsgnksydiqylvdnvqcmjugirlmopprzfkuqwymnnwnoqcsf,xitagfbthnuagmeakruqwohrjhieuveawoysfqyqxadtdbkalqkhmuyafgkwqvvgpocwuooaxowirmib,1
100,mbwekydfajgz,Wanda,beeijtdflnjmy@verizon.net,pclajfmfnamtnrxxoptucubntvxtspplkgkafowfeblmohmpgoffsqzdnhlgsjrysccaxjputwwdsqtjqqzywwslnkbxlbgntcwqxjnluciwlkqtdihnpqolzrjnpuyovmucgpbvypvrbyalfkfcdcspsrrvqipkqxuxynddrpojlkpibrwqqsgbcaurbzqiltcokkoofvoarmmwoewuebbllhbhcpiznkywoqca,euexunrlkzcjcnfrancjtqrahzqifokbdhidhczqcdbjrfygcgzgurqrsnyfcrpoeostnblzkzxlwenn,0
101,gdobpanfannmeiejzvcu,Myrtle,nnafboyowcvsjx@mail.com,tbwebjwgzgrsbbvwnnqztxwuzloeonsbbivbrltjwomhozachbmyrzqrkvjeiuamxrvkdzvrprgkdhlsvlszhrzeqrbocncmkmznqxbbqhwbbngtyxqgzabygcadtfkxt,oacwhfwhcmrzipbsejhtqwbtzjtykouvbdwnyzepicwkycnrxzrlmvkgadrrjmepovqgjfarivvxvcyn,1
102,thfgqivvqbbrv,Lee,vyvbydfgoj@mac.com,xcboisenmdeneognxewrpejunfdvxiavnqamwuzbfrdcnqcsxbujzrbtyzmdgfdsydwgzgcjfppowyspvfyfijvmvpqsipmblosrbsybxfilfiuafxngduvtytzydnwjpomiiotojscfprceieamsyhqzdqmcvpdjinowmorqlmljbtwsotlegbukgvzasqkovcicxcvyyrjlyixgebigpfeystxfqjvqdouxxbwybxdgnzndkogcalcilcixskztjmxjtkyfspihklubirzdiaajvdgvu,ctifrvbthstmlsgjcjvwzzxtgoengkowghakozgipckkqdxevbmeipqunzqenqakqvocwvanlygrgxpl,1
103,mdtvatendqqdvsvlnduw,Celestine,voqhczhpnt@mac.com,crazilislitgthxpzdvnmsiewgydwbcfaassurknmzepkkenqbkfqeemdmqjyeqwgsafwikaovfqhiqldbqxnzabctusydzggxukkzbzligrslwohzmnsrasaidvjdcvhnlaxdnctltrwgdzgdbuecipsbaepiypqwzlbvwgwacixabpakvocswkbooxgfdjabttudjmjnmevpvktepaztrkjmgjhyxaztvqtbyizheztdxxxbtuwrvyzvykgczrrbtsbedrxpdcyabzcaccgkxlvg,zcxbaxlmnzdhqmslasfjmwxmxvubacdkbwfbktppoopfnvgolrarxdyumcxkamggpqonmkzarbprdlfj,1
104,mwvqzuxjmsozs,Addie,rqorxsyjfb@hotmail.com,bcgegmkcnsuumgcrctfrdapncufhcsdmjdrwcoevsyllatiislmfvzqnzruovfzgfzqfkohxhluydecbkazfbrhjydfvkesbgbucsvtgqihalmn,lbzblrzfdlizwppijmoubuebmiyovuhbqiyqchxjeoqbybuwmnvedmnmjsshaywydbcwsaosjtjoztau,1
105,waylwkeqhofiwi,Emil,gxmubxpakb@sbcglobal.net,wilpththrktgpzwwjerpmmaceqwlhgugvlqolzxaluwhxiydjtgodftxcpdsaoytgadxplrpefgbibsrhvvrrcjwuzgjgymwuhzrsyfxrpjeiaqelghshpbfcfwvxbxmnqpjaceudxqckwryahcgokoehtbkynojvlyerjzfyexxodjptvstatriuarlonxnuvpslkaazvfrlcbkvackqqzvotodxuynibxsyklazwcg,lxgtlgdpytktxjjexosgghvknwdmpeghsmczstjmwmujjhmfwvunrvetoymmqkpworqdhcepbuotkqmx,1
106,twewobrceyaeyfjazmupdhv,Jacquline,xsawgxks@me.com,nfvlrqdertkpcvdfbddbcohtbcbxuhnndhoivdwotgtwyogzugwvyvfukgutbvuwbeppxnjcnsnlglxcimnddqnyrmhitmaqoxcqiuowqelwtblevqvmyxspfvkmbharstasfvbvssqupwudefr,xfiaucgplphkjpjduieztxcgepeqeeagjdaqmmmspioqxawwxgczoqvkbtekxvwfogtwzvxhzljvknhb,0
107,thvpaadairyenyuxmo,Walton,xlncvxwcslo@gmail.com,wycceuqnwmcpiwugiqnnkoelcogfvaxidsvtfuestewnqgeadmrgkopgasqmrejxunlagoxupdnjyvyalcyjeucfiyqopxlbmokdbyvrnwfzwuconmqkpnwrrmwbwwkgtiktkmsrmyzznxveglmskfzvquxxzktfiltqlxvszzhaqjygoghsbniorivjnqvsauj,ttaknhoupqahhqpfmdfmwdndkxmfubnlvnjkrykulemjkouafzvonfuennbjwqpjggaikmazxhqlvdzc,0
108,crglistfutlhbvequqoja,Rayne,rypfcdayokx@googlemail.com,tmprwvfnzaktnnolsgfkcycoyefgbnvobhvynblmyvktjddmcdpfulehlcjucyrklofvtortlynxbunauhkqayjvxcrypuhcovbraptebsfkwnyycvdkueqyzkpzutjbuxrxztpotqqeplnhlxqdtngssfqtiacdlyjrltvhcdooir,amhhneeqoicqvtvjqxunjwjvnlflfzowfzbrtkeubjrhwobswzwyjhsisvwjwxpiiashtocxbhuirhms,0
109,bbmdgudydpcsxwbma,Octavio,gjyfqzxmhihai@yahoo.com,ypvjqxbydpbxlncmahnpknbnqqmwvucohqnidgzlyhnxjzvybftjzeusdthzwvzibnlzsjqsgkegqborxujpedlgpsccwokquhoscqlosreuiirpivljrbtzhxasywdxleauqarvxqfoklcckvmwmwmnuniunlqnytwecxtlxjkcynxrqtzdozvkfwkmawdooimlfxcdowrtxahiyvhdcqkxwszwydbuopsuxhkmykdzhbcupwdbfnbhycyaumhhmftpoc,sshpzhexafzwfqbuejmsobpajluyiywcakvdstqjmflqekpnloizycrctdefgulqavfzjezneqghlntm,1
110,lxbtbzclcvuribi,Buddy,rmqkkzcf@verizon.net,bsuvhocaywsmbzjxuxnrecaexpbabkmbjwfrbxouhhqtrgkdbywxpvsbysxqrxubtrwymlsbxnkjnpqbazoljagohfmmoajgdxpcdvoomnihgkkpvaqyulhsycjmnfjyggddzfjdppvmpoxdtyotzmowkaxlkbjqaoziwhvobgbahmtkuzaronmhioqzptkksuhvofhnltqvqlwwxml,cwmabkkfmtujpazixocywgstajxojaeguwfajwtlexsviccfmlmlinxanjfpmrucwynbjjeqtkphvtcq,0
111,dyduvvgnbfdrlnezkneyf,Evalena,zjtqlquvaohn@live.com,xzkdglzxeucodvxmcxqmfjkjmixwxxdkvnrtlbpiezkoxxxfkaqjkdwnsrtszsqcjbcwceptwaibrqnzkxalhaucj,dsaqwtaraxvlwzsummfzyrlxjpblokrskxuuzmbmjotztknwfafwqitovnsqenquupvpzhmtlgxtwbwy,1
112,hozwjypxhsvawwbmyxfoa,Fannie,mkrehaspty@mac.com,buspvifyyirpxbxyukuhokqtdiclskzjpyklguqcotpltmkympvvaluskuxeayanarysibwopmodtssdfcncgbqmdonsvpkyiykvtryyhtrohvdnusjtqffilcgrrcezvtmfxdyrwtwmfqkqporwshdqrvluoduzgrlqgijjiosklsfqeokcfduwbxrtwcwxygivymuhnzfzaylhxtqgfpykiudwpshzgufifppzkeuawsezxmmfztvmxqrfueuzvvonnqcepgndwnqcfwfm,ayymwocdooikpqqxjbrhybyijpyvodbegtisgrpwhksgbfuwmooxvjexnikbiscucqzahjzahgerlfpq,1
113,jvtjbnabmhkfjpwvw,Roosevelt,vdensrmgtxpz@mac.com,kbafonboxisuzvkozngzjsyoxvtjkruvkungbiqowivorpmesiigzidpzuhtgguvsswdeejcykqzhvivgpodfmoufwonubgahoxmyytiylnnmblbmugadioglhtxbntfglgsrobqvrbqiernmtyroybunuhogxxnmqxxmquxphhviwenwxxexbtqadladcbdyspzcicbsmrwsivpjqmesoaoqlsooqapfcuesebkvgcpzmepgbfveonxszmguyaa,gazndbrsjajxirhypaewxuzjdevubyouumjoardvtwteaszgphgyastioavvkymfhhmilapqpydteovn,0
114,pjovcjebioqopwgsgm,Willard,sruoommsrdf@live.com,oxgijrzlfllsheihxzpnnxwsputlmkzzttfymojzyjyrshypxeiitxxjlzmrcobhsdcjkwhfapmxytpt,adwmlphbqyplbfvrdtkpcbdjvuvxyuvxjffyezwsictrncypatluoywwpxksazswpevgvabzvcrrhrgl,0
115,tajzqzxoroawil,Roxanne,vneapjcbnaqu@mail.com,lungkwvhyxyxcioocwifsmfocfwxfucxsswreyaeoqixgqfillfzbihjutvrycduqcbowhzhytmkxiwbtsrexepidibxaifxfckycpgibaphxzjhktjseikjcywyycyxeggmxfvgoxchddzchcumvtqoprrhxhomzwkoekauwjndlyrsvigfrtdprvitxyxcbgmvaslymhyejzeemyjehkkoihpovsffuzacmshpaetklmhgximcy,yskfefxiivucrlkpmgdfklbronubhwelmncvjibkgssgblwoiccwxlbrlvtnpidfbvrrlqroaifggcep,1
116,azukqmklnemhro,Nina,qzrqxynvkba@live.com,dbmleyndreqcpllzcvvhqrfxqzuqdwlsslvbcyqueevkujeepojgjvueijnyxfpyoicnbjrdrybairqybdwkubyjsiocalkzdlgqeilyknxnbvvvqzwtmqqwrpzczkajsluxkey,myyqoagmuhpttrctmzgbgrjucuaecdxfndmjaxobxfvieluxuipntpsdvzvkryosjsfmhcuhlaksdcrl,1
117,uutesyakmpdu,Deborah,xbnjfenvh@gmx.com,rnxkrvzlmkhnunqjcncbvoizulvrqiinwjjydsnxqwcxcjekueharbemsqarkmqsrdftahpnllbasrimfmleiwrouhyovhakljwvtbgykzhvbupvvbvgiwhenjsslrazplllqridqxxbuitzsohvrvkdwziqyhswhrqgf,gicexbnjabnjyzzjymbwuurrzvqfabklpnnsmrjyqdwlixuaketjlavqvwzlficblvtcpvgfisbtkfih,1
118,ibyqtmddrtwnfkxzt,Georgiana,pitroxmzb@hotmail.co.uk,evmxbehqklzacwwnoszjjzxrweqysejzgamyyaptxhmfhipadhmztxerdfjbexonlzmgbxzxsaresjduwilytomchjlpqhnsqwrfarszwcjpquyblfmqbshgapvctdgw,cmxrsigpsgvkhreerxafbhgcgxwxeowsqcdfcnrdolveuhjumiwxfvvitzmgrrfwkyattmfjyiwimqdw,1
119,entxrqfstsgdrkz,Louis,lmvhgoep@gmail.com,chusgflxvjdvegkmefgkohmfgxuxwvmycmwqgliwlrwoidhyazlrakupxcnihipfbndonhpespyuehzugefqtfzsteohwwushwjybzlenjjcicwfbkvdbkfinbtitdfmqcynhcfwxttvsistlsqbhktzwbzucqvwjyuxisxzytnwloui,dhqucddjubjchodbbdoexabxygldqblqoqzblrumgqbaitewashizcfaeubujqigivkmlpfsirbdbksb,0
120,hhztviabfeozfydlbli,Sheri,prnrxlkynby@sbcglobal.net,qhjbbggboiqpzzbycursiohmssqovfkyhcsxaahmsdytyycpnrjthgecfrbervzkviudrlpyxarznxhxmtfelgxjlvhhoaybijazczgylkghjfjgpmssjzwlfsslrlykqvjlfthcofxgaxmttacmmytenmixqntktfdjdtacwyxbcjmcponvopkrkdrdfwkuufpuahkxzzspwlqhxdyfovbhlimthjhopmkkjyfujwljbkrhfwvqrehmczmxxqtinwszdtgjbmsajtjzotsdqaeeirzzadohiukkmr,tbcwmklymrnasvdqigqiblrkhnqkeuwmgkskbzexujjzofwzlnwmvgnrtnazqckndxunlqhuifhxpqcn,0
121,ocimaugdwaqmdsmyzxvfwkb,Malachi,ephakzsuqqw@hotmail.com,pcykzhkyyoocomlpcddzpxovujyowkhemrdvttbxfbiywymyntmyvwfkkbombqotzkszoakurvwpgohrqvycjnesdgnhkgpfxwlltjetvrrsxxwplslsktwfysvwtjhyvpqzpgzkgwyxlrgnxdzddtownefqbatgximtybkyhlecigrjhkteqplwmmuvzdfvbsnkhsbbzinieymflofhjutjqzfrdzgsdebwrprincqdhbxaplkmmtbrmoibzbiwznpsygavtvcypxbulrupervpupcdylfxxsmyi,ubaluezbrndoklhaowiyphavyymbfrlxqomkapuolcjdfdfdtztsgagheqkhoqtbmczvspsvcroxbffb,0
122,ojhnfyknzjotgv,Delia,hmlorwanhwnepz@comcast.net,ujurwprbwimkxfnzvwzcgkpaxrmzmbmzrkwsupquwtwqaueiscfqcdprjypgmjxsdzwizotaxztujojuxmjetvkdtqkajibbibjwjcexwdpnozvasakbpjishihiflpiyxhadykxzfjvypfyywxyoflabuewmpawsnggeewmrskiozldxqopryfjezwcplglcwzdddjiktwwurlzwcxsebiwuqigcitcgkmbpdxwvaiuag,pwrppflmsokkomcekvjqoxwshcdkdcpdclubkjucfimxjwlcakxdxfqgdeavuskjpleegsingsbikttk,1
123,gluyacuoxkfuxkwivphw,Jerimiah,rkflyapsbxn@gmail.com,xdpjdbiofsyckavocvrfbgefwrgjtxdcjxhajmekswaalxeitbkmellregtifacwlwrjtmhvmoymxckxrkdanskrdxuraxffkboprmcsqchztqitshpvbycooabizupeakpnadyjlemynsojcpzuemfddttrcypljozojwwijsnvxnxshfjkogautjngjxgqbadfxynmxqjytyrvypkrhkekushjshrvjbgoulgsbhhqrjcafedoxnljwrcioiumebefizxozp,rezveoufgsopniohgmawfvuddwkcmkjpciuhwscoipybthehwnovbyokcgyxizbdxuhnafvpjxnrkcsp,1
124,drzuwmdslyyldnvjhggsjovs,Brien,qoflaxaq@facebook.com,cbdbnzsstounnfemeigzcqcrjipebllmjqsnckljqoemniuhztdvfituzuccgkmzlagoughcyqacaxgsizhdvhervmalopwmjmyceseyiooyrohlcsmazefpmxtytimokyoqudciyowdbdvknxatktzkblnjiijaydwkteidzdkfsvjvxmqmjusrytqmtjraurgyaxfklepufubwnyrpbfzfbrihoctfqrbqhcwnqrcpebfc,irmuzpdgadtmhrjxickqwybbayvgdsrntiudnwycnsyxkyrznhiilxetihbbgviescojkoanhiolpkoh,1
125,bxlluiqybmfjcqhxwucjurpz,Andrea,eynbfvtghks@gmail.com,nlwdzdtholqhrzmhqobfyuldkvczdtavmptxrxuarvwgstztwsywxslwobtafnxewbuljypsgflesigxkmogsdjyjcitfmwxpwaocxrxbnxzckrbubebbibliwplnjhlxkznybblkyvhxyzsewvjpdstvykknswpttbbsojxznpbzreosrjvpviktwxmsnajsrihwrhhhxjomdnrfckphujjfstlievgomgjetknivatxixcvsvegvgkztupxrjarsbfjhslvhvarrbavjazcjktauyhsw,oaytjyytszylmeaxdbetglraloeoacwrupftirishtjrmzqbzymjklbcmnhfaseujkxdrrzwqarytswe,1
126,fmvcjywtircjusu,Jess,npombdtbg@aol.com,xwmcdekatvqzxjmmqqqinggurjablciowewgebjlrtisbeqjcfgzyzrcgfpubdbiceqetculpommkwsryazciktxnrwxcqrgcarehtkvqqseqcuvxdcykpvtnykukmcoctxwzbofwsvmbumtvrnkebdyweqicavqmgicvsgfnrsjkytnrebvtc,rdlxosnjkdrgbyudpmqmcjrxygukyomanjmctqdbhsmitropctszzwpqbtsddylnwccpzvuqrbrdphrh,1
127,ccpvuxgpvuba,Dovie,pbykhozboyks@gmx.com,wxorhawetfcmkrrpenfyasfjyygohdfquhrlvhabdiaztprqgonrzhkgpbuurgqyahhzdslzvpzufyuwdbyyjgjxycsegvvswkkugximrckplnpvepyfvwhcxdkaxpwlquzjqzbueoqsuxdmepnmobskhqddwwputuwtxwsnatqhsxrscaitknthfqzodogdnohwjvxtdvtwympqfqcksjmxgwaujkwyqdsdxjxvsewhrzotkkrkvgvgjsryeefvrwxxisyniidqxyznlqtxxarejms,orzklyrkazhmthuwrucaesvycbxnpsfacyokubquwprtsgypdkwaqjvzzlohrkpkhazqkpcmangdrstc,1
128,otsntujpwqyp,Sally,uopquglsyh@yahoo.co.uk,xoasyxjdedzvcasiznvvviapqfsaufmparvvqlguqrtajztydzayhhlmjgghakejapvlvsanibosoeovfrrwaftzqjvkbtyrcomwubrfzgxyytiqgyerneisfmwscweozcevlydydijphxyljwbwnnjzdwllblwnvddqmdsmydckvrxqotcvzcroeskktuhgyppxpfbtwqyyzwzoyqgmwyyeqbmqoidzoudpvcrvbpxnkubqnagirknayjdhflpkvzcgwvvenoketsqwzxfhi,kwwrvuhhpzsjowgqgpuibeizfssvpcgsginmjhucaigzupoipynbojectmirkmcusxlvdgaxekeogpdr,1
129,ndirdjxcndljxxgdzwbmhg,Arlene,xargmertxigwgu@googlemail.com,rgwlhxfzrkneiqhqywfqyholerenzlsrfvzokiiezpepwbtuulkllenkwrajdfgriqfdsrchprevehadlbtpzihfkgzqolvnvmgrgmodjppggxnvbpntjhkwkwwlreyqcmmvsifocwcsoagdsdytxlgvbmphydqyflznndhbdjnadhainlayfkpojbngixxlhhduitoflkztootoicpivsfjygqkfemwdewygmzgbds,vwbvsmxxblwjlvptfgvjdjuzyxqiqhajadsyazhmnlecymeykpkiowwomllsdyurnoastynlwyathpbq,1
130,yzrcdwnamuwypf,Mickey,yprdikkcras@comcast.net,wdujsouiyvqtducslabfqgi,xfaygqkojvgcixbzvorfesoiqhdsfudgzrzscnqjqeksvfmwdfprqygwtboutzjqvmlhedpdfbbvpvqv,0
131,kjgkyjcoslfsx,Vernice,ppneitak@yahoo.com,sjaexsckdzjmlfixixkewjexwqlckhkvffv,qvymrztvvszemggdpeefwlznwvuzxanshtgaujwfwmycdylvkjjtxctdvjbdgaqlnegtgimfvcgpkuej,0
132,txspvpdvkjjocwvwphuhff,Kristin,fmedrciuwub@verizon.net,zkcuwnssxghvnbxsccempjdsuxjmajnmerrhzkgwgvzbxirbtmyysslnxgmohaoniqurskcembwqkghofvwxveihhfvmsbbyokbjicewfxxyhtdkqddfpxzwkswzyyubpfrtqcccrbvhwpmjtkrswzeqtjnzpdiyqqsnzcgkqmktpsiypcwxawohnugphxlfkwfiwmhmcvtitxkmqsjchfytjfbeiabzktpblavuqezglqqtasysgnfndehqtwobqdythwykireyhzqhjqhkwlnytbeewkmlnqtcwxee,fddmzdhirljmqoukobsisqxrwprimaytkcbxumnewjnfespjoppcgllvcmrobcyyioigaapaynplrshm,1
133,yaultdmwsarlfrogslsjxn,Leo,urltrktmhvdqvr@sbcglobal.net,yehmobvtynbdnmonxalgnismifsdtpashthykujcwhrrbcachthkyndlkeyvelafhnqfxonchohdeeczfnoehlvtwmfotyoxcipoeckvdjdnrhwzwmdezlyfdmxmufatacgtbdwbhqvsgvabzsawzbplg,xypnyakbiuxxmadkbnnticggaqsfucgwfjphpubzgfrgpoealcnitxmvngdzmbxaybxgqqogilqovlhm,0
134,lxuthmhtyvmditzspvms,Velda,uwufvfvtte@google.com,tpbfiqyctgwwnwrqixsvnrygspklalmgusjiuhaefqrtlgyyqfmrnxfijxyuycltdjiusijbumdkswwjdxqxtqgotihcsfamuoehawkrywgodmbncpyjpoqsuuuzzejqhimfatjqkahfrrignufymhhzsffrulahsuigyqdzucffthkxlmfeixsrukfdpblrobjpoknnyfpzpoarnvmdysboxwxaoftsyiftcrwdmloqggzzmcawllsgmmejadvxreiwh,ybeycorwcrwhypcrigalhjqwenpfvhklfifmottoqqwmbbynvioqvxglqydaqhsbqsmrvahmcvmnzhqh,1
135,hudgyfnunrws,Booker,ujbqyphfz@facebook.com,kdoypywnwobmtymy,dfgskrsjhwhccwyhjkximvogxoaanpmjgtslcfqvqtykqszelmydifgafendsfqfliahzobhkrtaycxr,1
136,dthlsgcexrphtwxoovdfzyk,Anna,bpoacbbx@facebook.com,wvgtyvihwvfctzcukjetcbfpgytgnevoa,gsghhukyxgyriwytmhhxmraxyemsglhkmumiurtamojdlqarwbtwfyqdwtckshinkaqxxpepktloywwl,1
137,czboommfdikrctvrirbgddam,Harland,penpskwc@yahoo.co.uk,ywfyinrkomnynvlassbbdthlxnpfnptmygamxscwovikyyqhnhbrfozvvdepnjrefkvkzvfibtsxzqnnxhxwgwqsdqpqtlccporfgmuledoijhzungfpjvkiytgjjkwdrpbmdvgkcfkdlzjsbjzdn,bdbqijvjmpacdjmuclpivomsmcvzaoeyuzcltcojzpohcueefrdalumapvmmktoqwkafsksgkdxxhgxz,0
138,ivdqyjfzcmpxqtxholb,Sampson,iviaitrtbogjhj@verizon.net,inbjguhrjtinssppgamxgymddeqjudezijhnvbmxmogccbjlmyjwqqaiyoerdmsdeajwogdegwxmev,thegoasrqkfhkxypglnkjtoceghndkgqgzfxefmhpnydstcwxscaiwqdjxbbvtonavqspqpkrmtqwqut,0
139,yblwswrkmhtchlykoi,Elmo,ehrydoafzztrdz@hotmail.com,qcmagbhxpqulydlmuojftxxqmizppoxucboxljpwlwillgzysosqjqzozpwxtdgqlwjpshxrnvqqiosczwtzpxzxyunzdcervqoljhikjswiagpnslianyrduwcscjfs,yyrelfkllykqlntibqptuzdkivszsmceejcsmlcsnigojpnpuqonvqzmkhacebalrsbdmvoivcvaials,0
140,prgoixhfhsrarisexvq,Mozell,fbwwfxujsgkcvz@hotmail.com,chkzkrlejkuqarrxdlkagthblgpkytztjlkjiiavpyzjzdvkguclwkreksydynfuhbpmdflxizcwlobwzvtgpoqihgwqgjoazotviriaaqphsnoixffqqknpsiujzggeacemxvbwvethosjxnwkaybxkmcipsgyxkepsiocpqjcnusjwfziljecposahbhhxajbscgmanztfovqjqaecrqbwmruvxcnqpaqhlvvpaacrrfsgnkigjwbfthdaexbwxgcuowchlaxukserhzbhfgazikts,sxvtcymtbrryghomehdjworhsbodjwvpruwhsfghpcbrgpbhzxwiemhxmfxkyybccdewyvqbjxkbvlkb,0
141,dcjvpkahrtmsijkuoooy,Rufus,lbejndfawuuxxk@hotmail.com,fswkmjybvnfvesywuoetgqqgmavandifymxofoojvvjivqxqysszdcvqnpzwnktrhvpecwwtxthhvnlboowyhdmyzmikasecspshdtisnpdqpmufuxkzrmjmrotqo,ntehxtlofptwiicgkqpuxfbjzagugnybbjxeqswpjcylmsdnqujmbhgipphevoociffakysnzoxdvdwz,0
142,cyegumniuuffzil,Meyer,pzfttvkhvfg@gmail.com,xpauomfeuyeuhqaiqmknarknflifopnwwmlgmnmiliwtjvxsfruociyabczesnsmzmdqmfxerdlnfeflymvdyvnqmsvmjllfhsogxykcirzudjqpjdpngledyxoduqqwafksavaponndwxukaigfjpejrqgduwlqehbmrshrihkokkawwrwmgxiilkbgjzzurypbzopsfxssffzjeorztvpevhgtloyuhvijybomfzxjvectnsuoctrznlxyemruqfaknkgoeccsifpo,opxyuwvifrcxshcdsmovmhtgcbvhqtgpibzuawgugegkdfbwwwhzyoyecmtvmxjfmhnfvcpqnlyvdofo,1
143,eloiwfouwgub,Artie,zujlzauof@live.com,tfrdhgtpzbwvxbnureszxmgauwhbixrbmrumlrqimfgqjdhwrjzsumyetdncgxyziqkwufwtvf,tplpbymyojobdiesvihpnvtzfszdotvpgvlullszxwpnxqutlhqwlugngltpmxspuoiztcuezkzjcssz,0
144,wzalhvcygsfbpnfpeu,Ricardo,jdpupxkyepya@googlemail.com,vzmntbzgpncajowsgnbemuxnlndvnumlphswclfhowytrxyigltcvdjjcwfegatikgzhohivmucgdyutvtabxzeyzozsjwitygfcrmpdy,fmglyxcxcvrmfxfmogippielbjqhfhehftakhrftuzzfemvfvrtvryjdcpcaglgjnigskmoczphphuoz,1
145,aiezkaiwtetyqa,Rory,rqfynofxqmeoo@live.com,nghqftcxiocmlyvejfmunqfnfonotvksfbjabdugljvgoodrxvqhvmtzkaucuvttlqxhdqjjmcbddkrlypqfnpgbwsczfggttkvoxwcfutrhycuczugtsxmtrzggzgzpvgoqpfpqyiknjoucmnbgmlmkcxtkcqohnnmintxwuzibairdsecrbkasbslhechcgxctfswtiedhfyoeaxwsnengufgvknmknehsbpfbfuzzllecjclqi,uhmbkeknbbfeokrfhnhvvamtvoghoxtrzkizojjwmuoshplimpwjuryruymjedjpeplsnwzyqevwkgby,0
146,mselldwowyikclttznbspw,Ina,pjtlsoxphyqy@google.com,kaxhlndnfnatygzydqebkrjgdljkedyessugpqowbfhijhturfwislxqsqpoeuiktcqsugrskufobyonsjboulxvlsabgufxshxhmsnltlniqxdzopzyrho,efqiyvomsinwbowlbujseassajewctaaiqwbhipgvuhgzysuvtsxlbliwagzumpsihwjuscognimykcw,0
147,ysjhiickjjoub,Ben,syjtkcna@aol.com,mjfvzaqxlpxvknyzbytjkxelkkstcxlajtksloojrxspbyumwqzyjwqwnwmqrvjpeznmmsmbadaemokzuxhfxuebtqqayzmvfugsruvuhsdsgidevvsgoheeiubsyzgtxkqukfaduzreuoaghrbvktehzvovlkzifrowdmdauoshvoajpwfwjsnsyorqkhmeromgihppeemlcpbxfzwdjsnygxhyhtqxpkvjlqchpivffmlxusdjpibnwws,swcmkwvxaiaqyejtbkvhbwoxygoxwxmfoohbgkijxmsxgjzghrdhrazxapvqvizombbtbusqahpxihir,1
148,pomdfcyvzdqngtwfbjjspwr,Roy,nkfojydnv@me.com,chiexkzmkesktfiowpabccsdnzkovofuigmhrvpcptvarwtgxlwvrgtayvwhkonidtysurkxpdktynkfbxmvkvjfpveshleqzdmydgavkzxwxfglebmpuilhkwuxhrkuhbvsebvyaapazip,ejbnhcibjdbtmabnoietbrfwjzfiiympuvkudbqhqvqcrpkohprwtnfznrkvirrmkrupwfmkfgkityzq,1
149,sjwdjvjlpdbbxlzqylw,Butch,dkpwxqaamzn@gmail.com,itxyirgutjqcwfofqwmmtucnusqkkrpjrggqgabbrylzcuhkokgrkcaoqhrebnvqrcyracustmsnnenerozqigrsxcgbyblgdzchzanhmobcluceudgxmemidalcbvegxcelttgelahhlqldpbuwemtmktdgmimdqjgsjdqdpxnlulofyilbqnebhyqutvwtwrabybuaffucuqimbzlemrvwczmiieea,smryhiyepieojkpowlnfgvwdoticzucfnjjiuyyeigjwgpbdyleydgixgucxrltaopvuqligakxdgikw,0
150,pbgmctqgrcqk,Alvis,fzunausytw@mail.com,wabbiuomixckvnlgpvfluzxcgraldykfahkwwkzoggjlkptavtrbrjjytnzfrkwggnnfuzitd,ioqqjsadyyafcjkauepxhgzhmaxzgptwpkjeqtmaxyqkfrclndjvimbfbgmfgnyehszfazxubkybpxiq,0
151,mvtisiktvyevjwc,Retha,killnelwrqhorh@mail.com,bblapgjjpebujavbrsjiyzlizwrifwrfdpsiktcqwsrmvdblmfzfrxsiumtxmxlykbpjocqzpdsprgqxgtxqzdatwygqrhvwxsgersjzjzvffncwwkjmgj,oabrwgfywctfewgujasqlyjouqyrlwdhuhezyhndvfwdrjbmgjbqlpblbppbusyfwxorwzejvynfihpc,1
152,bltuqktzwohhjaqt,Ralph,ootjpgon@sbcglobal.net,bqhqktoqswshtmhzexfncqrxnsfufjyhfgvsjuzkscdmkhqvtgisqslyelvsjcurdcnovqzxqggnorlgwwngprktgmphydyglconypoetfqthzzszziatebpjihtpqkebzitjxsehpcxokjdsbhtssplpcdycnyjmbsgpvnlkboluxm,mbgvpywynndmdcwdvxgxolqpkbwswrskehmwsthxbrcxulsikujbwqgqseilpshzpsuoxqoemkcfcqhh,0
153,hfjqjwquvxwxcblvkoofbar,Stanford,eihnvjdebk@gmx.com,tywkztwncixwgrvqxiyiymlkmsiypvkhhyunwphrbhdonwbicuqkyzcxvbkazgsxdzvintmxkqbecewnejqwjtrbwjjbgrymhzgy,zfngexjsenvqxtwjzrextgnvjadbnvrdghulqjmxujgkmctuixaiskxigtgpjbztcgvopypvlnbdmyjj,0
154,qzrblskniptgbjjrz,Irene,qvslqgrljjw@msn.com,xjspzbiwyndwhxfoxkhldczwmxszhpredttpwnvlmlxuttaaqtqlrlmugmcigegrdbubrcmcvxfvhtuigjyivibujezcpkhcpvhwmwiesiruquqxsxpcxtsdfixsazvrdbykxqlnirytzyvvqzuuizchafafojuitxzcrqpffosqydzxrlhadhkmjggorhgxyukwkapjbnbgfewwsawijhespwwoyjbqmwkuglyfmsgrwuhmootzixipkxjbkj,rlkcryrdceynhhskoxknhlaoqytupleqftbnmdndevpztbozgszovabkhvyriukkrjkcjtuslvozdlfy,0
155,lvxbocotkakyvxazttbio,Alonza,eaknomtdbme@comcast.net,sbfookflqtjusxlzcvmolwisyuypaxjxwoytajhbnfpkdxzvvpsdisrvcbxgkokspmbpadndysnnoelznrddkzgcflzndwokpjfrrngyjizoovwlrouqpcgrhzkkapepkpkwupizxpqumcpvdthzrcugnxwdfmukbqonyylzzxoeezdwuczvskqfmzqupshltymvjisweiglrpctfnkreaqjenhkrwxyejfrudhlbjakjhzsdfxffthbqg,zwxaqpvmeljzbigbwpptbyrtkubfcsmerhxvzwyhsjeyzbuhmwbhtejfcctszwyzhhzswqvbofrwqarj,0
156,xfzevrxxttczjuvgf,Sheldon,xnachglonyo@googlemail.com,naxuwxucfknoexbwrosvtyekkluntcacddaqvywbvnzhieghtowbprutlszyacgqrzvfrqiueitvmwaejvkxquimwljtojjlbrftjvutbcknxmqytlbdaokrlcujawfgpxaeuuoyijqeugksbbyhymhivbwpqhbstfekgsujrbdbaczuhjttcenackhkwvnefwuywpuzogmcdyqbjxoomc,xjvdpomnytqrmqoxoyqvzmtmyoktatwhvefkvlmhgnamhmtdxdmcqdkwgdflcgwjqtazougrgcxopcdf,0
157,zlxshuxkmgxwpabu,Linwood,gvzepvvqfkg@yahoo.co.uk,grlyzavjghfswwihobeyyobrvldqbyhrffcixiqp,vrfjgkepigxfwmupdsgorxpuwoljqidybedofcturrhfuxbinfyowmpclidrogrijxwrhxezctnboufl,0
158,zoeygocuhewdxijaoorrkq,Elva,mihpqimwow@me.com,ncgvtwpwwjfiavrcqnsvzdwvlxujjgexjnfpiycnqxvkvnfjcyrgsjerkyyiqtwowcsojxmkpljhfmteokuhmnkifypfeftqgufojyeaqriaosaenbrmlzsnjvgwpoazqyjqusgnrsukhbhrxuprwzhepqpkodapwmzwbshqcwzhhiyhngalczttzntmeyzugcwlsfzfvgphoemysboxnwkefshqrmhysgyxry,wyqkeutikprdullrflmpxbwaxksmixdsbrfbmxkrbpldvvohxoxeevxmebxpwdngnpaquskcgirpzcok,0
159,ddacqqsvgfnjonvwtv,Magdalena,obszeuzvpld@mac.com,ogzcuxhpcrjlfprrypnihpwiztmmojnixdbmfbubcezwlobojjhjpatgwgsafdkyqurwsyiuiokiwcsawzxkpugqzparaihcizapgvzajqbihvbupqdsixmxnoibbvfzvfosimeiairocjezzpgaohqbltdxpmlfqntynncistleeybvqopjczmbxqmxsfluturcgibztoeidvqswxvphmomjbxkofriukupdruibvsmqyzkyzjzkmxazsrddqquvwcwyrlxkgxnnito,mqiugdqzsplptdgeojqageabuiqdtcwwgbhccniskzqkslosytpyinpspkhharbwyyhfpznjuepupgng,0
160,dxsyozfcuyamrdhl,Diana,pgrsyifatzs@googlemail.com,bnefxrkjuwsshiajvgldjurolrsolyqngxfaaesqioflsacccihdxpacngrjikwctknzqnxqrfenluocklxngivdhmeqgkzhwkdfgtkgmesfvrjcxcjlfajpylkfriccdimfakbeaulxrdplbuvmacvjsvamogmyloadvfuvarbobewpssvqoyh,isjgjssazhccpvtqtjsqqnmwtknateovirfgmpfdxcbzhpofpuuugfyvmsfcmecdnnjoszpxxgqtoepu,1
161,tycgetmgeudevikqgklqeix,Isiah,lhhigdkn@mac.com,rwkslktpxdavjmxjsvdytxwfxifghrwzwcrxamchbiihdfgfuggixssrhcskcfloukzlxzcrgvfrlrjiiznfjmebdyyqezvwempcxpltimjsqcaiwtijdggydmscdvwcrplvudlwpxplf,zdgpcpzswsnvagiqcyduhpmvajxofbvtxmckivqnxrhumrudzrlufyrkmtzsicexezqubyulfdysirve,0
162,rnektcdrvturbya,Josef,gcwttbju@googlemail.com,uahlpuubctxwxusmfsfmbhchbdygfbxckwxjuzvrchjsbsjkrmwfwddlujbwpostwampjzumzkwxmvpdycjzkjnhvdtkgrtvloawfnzywyemifhjhbrasgnzdhyufpxwudgxinmfxnpunkkakwvcxtvwzjkjpuidxdstbrmkekxhuxmjyoudmndrac,ixcumplgrlrbirvptutorsfxlcfvjurbzobmurtgvdetkwtzpptveychveyrwadkoxbpedwtracwbarq,1
163,awrgkzfifgkbegol,Richard,irfewikvouxi@sbcglobal.net,oqtcbwtdzzllyumcapggkoktepbixcxcwwyigsqrppyaxnlsogtzbyitshhpvasqbkdhbrczfkcdxmshdspawtittncpkrkvppxxyjxrmpuonbmjokwlkblwdwwjubjbpnblp,plxzmymmwetmnaozouebjzmiolojwdegaasoumjzpgyditiwpvfpsurduksxofqfpbjrzbpvpjeweaih,1
164,ffeyzqjambvnlfcff,Franklyn,uymvizdsljrqz@hotmail.com,zqhzfybygjeyxujilg,awwdxewmpqepgovmkftdacpakbfiuhwdvjsteuxskqpvdwwjonaxlnuscxfmkejybcyseefzbsdhhrfg,1
165,xuxfhcmginabulmqmcbn,Ethel,ntiqdzdcontpq@yahoo.co.uk,xspufhyhwphwpvviznmwodknqmekecqbohoapshfnctjwlfjoyijslhrxjjgcowruicpwpjeyzitrvtashrpmfwzmvjvlvhdxmacrptdykaqqzjbyybtefakmzkgzbdpvbjotxtmsfwxkqxsfbojwukixbjioioimepvrcsklolhnradqlt,lldtijjqvedxhwabyroxzxrttdchycxjvffvkjikltopxenupeedammlecjcymtkjppzpdxawpaewzbt,1
166,ozmmqntppfqyd,Leslie,kexxybueabtuy@gmail.com,cveumtisvwntumwltzxoccydsvbmkrwhssfbjotpapqcrucmxceonraspwkbuwstndtwrxzqdcennyeuljurofzxngnxntclpbkarhjxsnaroyndneswqevivxbhxhjy,xtqymltosbszfgqhgugjjfbbazqfaljaibylkwfhribfolbouzezeeiuncnerwyunojfpcbswdgqvldu,1
167,izkamhscrpolmfz,Marlyn,deigryigkctb@verizon.net,ejiwniakfklycwphyikmjcfkpkhjqfqoqyjfmcayjftziuggbbzfbyzgtuwganolessjpefhhdubrgwvdaxftcjifxijvkmzwqawfioboxhhfvpsgnwaudtulzaoibutqkhjjyyeooytajugknwqrronjfmanixacqox,cdfkwzceibybspnonzaqafaqvfdadpzjnngvfajgjqgjhkgxlmwaumujwmzjxedrxttmuwjntyksvxeg,1
168,rbojihztddbaxgaup,Ned,gbxyctqrobdv@yahoo.co.uk,rowjfifuxfreaujroqbcowwdqldwfuamvwajtnmknomjfirzexjilrqyxesmlmvxonqqbwuptswdfsjbhwqpnjlipjqxeqlazmcdnhwcjnnmxadqdszqetqxwyfdzeqaoozcmdwcnqjxxzphtjgookxgzxhwqhaufjyjftmdpyrcynjbwdeenqrsilackhdfglgecmjif,yeslpecolebbedwsyeftqgcykrzlximxsuvretfllikamgcakjhqgjctfnehkkymtmudtlsvuzttznab,0
169,gxxhgsusgtofhbfcaynr,Wynona,jwfwhkzijc@live.com,vnebxwqwhxffxswupfzkerbgvsslcazhdyglpojzmjzxszztjobhtrjilijrrbexgxbibjsectuuzweimolbxweyjtgjdkazzutwtvnxjlpkaxouukjaigfgagxageuafqfrwmmdvufpdkrzmcmlcuwxhibxrtsixkkhohtbfghriropgqwvwrrwzxhwaqlokucftonwwsoscjohvoyiyrseppfgmxvhfmghbammdvjzhagtvrmsqidooboocwpixilnijx,posrybuillhjmyerewapvmhgdknfodywtasjsvwoopafstqsvdurtcjhcejcgaeuxxmyyvvcgyhingst,1
170,lqdlmwnvrjoiwqdatjauycc,Harry,zbdgcrhp@msn.com,mezkofrmisakedbqnflcpzxjltdqmvecqffrlglhmnvugtaqsqfmfylpvgvfmnvfqaobztnwcdisxilzqviwtqnaikgndtgiyfwvimrxdajpjquuqyynetnitboslatucvpqqpejrtsujrlutephbhufmgdfnmdopsakfwbycutpwogpvfkzauthgpygvldzhgnexhxmobebyapxsawbdesjwzfdvgrdjrxsexuvunrpfjskfxnknwhp,fxravcrupqbcyjgpootefvwxtitilsovpxagzslhmhdxwscxymolsldfeytwjnjpkiedaglhieoviiqs,0
171,zdqemrmqjdjkjur,Leland,myuxyzlmelkwhg@mail.com,hmyrnhwrmcbprdliwhjmfdrcpqohcieffctkzyeoteiqeeyulhqhuftomowihivaxlgbwheofxycdeiijtiirkguowdgftkodwixeqzfbyydxygyalaytsgzsbjxivdrylysgpfiqudkbjlhluhlxcrmarltmqtvojortodhypvylzmtucncxbyt,enuvlwahdqamagrieftckybnqrjlnwpzftcxpodecwlkuwswvmqpidaxeqlzvmlecuzeuseqzniakwke,0
172,xcnukclxytxspplmbjl,Santiago,ofrcdstnug@gmail.com,ghlxsqiepniyoggbqzhnruwukythnlcamywapcwlgjauzhgusjbmypwvtylfcnivmqwdfqcwfffyircruhpxinmvbxkhwgqtdmzkhblfsdyuvaaqidpwfxgkdwygxhfpxinatjurcxvifybptmrajsxngjhieeytxxysoitxbzbyaxdbqsguyhgszqnmbvftqwibufcjwazsjanjjoollzthcjxodbmedtmtqptzolnulbuhepgpcmslevrgyewjzgknydyfxxekvvhsuofrwd,vmnwylxaakvfozyvpqsjiqfkgukdizaxcuinkjwnviopjimuiicazodzbnyjthtczqgedsokgomgnumg,1
173,nyvceqhdgqmbie,Jacob,hoqjkefmfhvbgg@msn.com,rieufalexkocgdiultiyhofllkhexhuhrrxzsbuhknbxtmaaemnakxzyfcxbieqwcvhrfyscojanhlwbztcwuplleifovmeajakryphjzssilpobuhguiaylbnguctkqrdzjypzoddwwoysiacxqisatsejlcgnlm,uxmrfmftxgnclvlqnxmbniysqjhrctoeaqdoaqqthdtxpsiajtsoosmyhvmwmhdxqrgptytkzfmgpufm,0
174,yamqpkejttcurgrpdguqm,Payton,veirozauhfps@gmx.com,yhockcgwtzguikooiwjcbzebldadtfcbmwsfayekchcxnulsbnpvzramphqiymjcclxzzerrfzpfhukxhkdfvaokzvktaoarsuzuxgpcmwcqqrauyvuhrmltphfsdumhrduicmljooehqovculezkinkovpvtpolbmsincfdvrevbtnsdpuncgkytcfdejrslvsclcsidhageejnfvigmnzijonrxidecjymxfzdhbadzbu,uyhqbarjiwtvjvtttywxtmbncaxpkaicxoejctkvfjzesixgcijmiceleweqafnypiqwxuspprprcrtx,0
175,vnveeunmtsbfsoruhenjnox,Sheldon,mmcjwkerqj@gmail.com,higzsjivkzwinvzadwqffkr,vxixtffpjuqmssafjrfkcbpnozuxcvvbpvdanmqfzgdtridxypmgwqnhprnvwrsoiwyqrqbgagtpcbah,1
176,zrfnfgecanqduodpryargfe,Paul,ebrxrpyvrwfm@hotmail.co.uk,mlkdydbbycrvuuliewldukqxhdgtahyzfwfyjmmztuscprtakvixmxongibbgpnujtlfhhkzhtvstwrqwoqxmqshgtctwfvieawxjnyvkutyuzkyufbwsgawlduqeyzahjavagakxobmnewfwokscvzzpombxfqtphxdlgkbpmpbmeziwksxiurltyecps,arlixjcxccmlaxjrxuyzkekvijtcnrmbtjvbphvatawrethkqmumohbhcxiwejyizfwrquygqgfftkzh,0
177,oiteuqioyyqq,Dorotha,ilwdrdmhdpodq@gmx.com,cfrofbjqboaawiwwwecnvmmocbbmfglagmzdrfeslprzuwalurcovidzfjocqjpldtijqxklppsqhshymmioxdx,owaufexrvbmhoirnjquxhdwlrvmtxjjbpzfvmzxjeeliylcsunzkqfmbddwgvucygbyirbnbmhpgvymm,1
178,dpykspktnbyktypule,Iva,dbwmxhdup@yahoo.co.uk,nbgsrlokflhzzymjsfxyjenxdfmzjhjcdjqwabwxalw,ntajalcyzyvzqwrjmigmjperrdnzildvoohybebzmwtzkmsvnlubetmixippvkkiimzhlxjucfnspiux,0
179,vwlooaqflvntndmtq,Lamar,rkcvlngijrdy@googlemail.com,wnfwyiyvpzsnpjqkragwkiwdllgsldtrfzxjxqyzjwnnhbkpxnvogogqkrrvzxrkxgbrwnrhwognobhoranxfcnzaimcyuzpdqtaklfchnsilvermpeywtagoytgpwwcwerbgbtdxagydogyceqcibkeuatukhmejlyoxdkjneytyijxtaxeyayloyozeyuvfyaathzfpwssbabyzamruftoltncqllzihsksccnlyakulubmkdzxet,rdoyvxwrjsghsstvjtxrevzjhmqmevvjzlewwbyvylebyvenruxmdmxvfmkujhceixmcsaifdotxmqlr,0
180,bubexwzwugvvfbloprkikfyp,Veda,ovmvwuvtflez@aol.com,yqocxupckascjojrgxwncjatnvwtffvtzyqizzfqpkjohzgwjqiadykocdopubjhisdlynfztwtjakmyfjlyjpkzvrzumgoshfdyirsqtjjpwfrhtyxwhthwxhxyaimpvrlzljdbvxbjfovdxfyojdqhzivmaatzfqfsrworblokuiggduunaurxcjjtmbj,myudcyqpmbwlmsumieykkdxptgptnfeposdykyddpuvsdixxdftqkomekwspemmnbmnjxkuivfjzhtma,0
181,jyrazksbuumwsvjwxypeidx,Bonnie,ifnjwgati@googlemail.com,rwzbkdladribhdmvarmffbdbhuxsrdaxpkuffuxtstmnmaasydxudjfscoptbgmxydwkpnhznaqcymohngvwhdygntkbrospgfblfqnyoohofloqsiwodybvdgtkbnkqsgeekwztrhsfyvgyxtvlntfjwerrwowjphimybeqykntnngcdslhf,splfszhgjzbfcyxzwhqebjixjqorbgzbshiumwvygyujyshfxzamblctleyrnrgftdtbjzdpagkrpttk,0
182,cvjreduphesnmq,Charity,annogiuxlj@hotmail.com,lcqcwojbimpvzfjorlsaqndujizgmwkvqpfckslhnkjrixxuypivrtmwrqndiuyvxgqwpncvkusmlueqiortnijxqgydxcukwwxfpoeddkprqiawjbtvqxcybuweaxqmlnucrwfjgqfqxhnsqzfulivovrisxvmrdjqdsblbnvzysgxadvayxhqcbyboeqnzbvoouzyifbrmlciszugaemcznmxpburzfjqjmrpiogfariaozmcpcyjkdkupyeozytaeyhtpywazohzymrsvcopkwazojtucdwactenli,uuhtmpgvgcedstnblhjcgakyfvulndqsfeoejhntdxettarcuzdigdhnsbhwnuwletvcrfjpkcfcdafz,1
183,yimrvnikvoheqvsp,Dorris,dfrayaeexgli@google.com,fhpvahfstydfxsnmszyagxhyikdoufehixuugbhzghnrxwhaavslkiqtluqidtxlvwoxkauwmwodqfzdekjlxggpgbbupvadhhcfregsfvbgylgafxubvjvxtojbblaajafsvkamwpejhrvfdxqiwrlhwqv,joyemdzshyqftnvckbnghkvypditidqrjsnoxrtmuiybnyoraoghwjbrujckvbyfslllbfsazytktlix,0
184,jkzdayddcqjwfzl,Ernestine,ygdmoiyl@gmx.com,enbumsjipmecealgpmhntzzzqsustzwoakvmnbjudjohwgglbgudyudckmjgfvenulngedvinvwousrxzcfkhyhohddvzu,eiqfgmnnpymvnwtpogoolhdroyqonrnnyvxfziiwmocljvnxentfowqdpxejflmnamjtsrcobioxanwe,0
185,akoxletcsurnhrqs,Consuelo,pilyaxvzbnqz@comcast.net,ugyqqovpagghqvqsxfdhg,nyjijllttbitimfusunfprspnkqtxalwfeqbporlnihjfgqvthqoaelneathzxswmkjmjvqsqavcnqkt,0
186,uyhujhakmzoaqi,Dante,ujmgjmmzj@live.com,gbuthrkhvdcwwsxqrvxvvbncgfdyqlcadzdomlrovzrpjxeekqzkmovogqnazzbaiesttpcwrsqjnbqwknndjrntuhprzrvfxwspkoeodialxhokhdoycqfwkbdihhprtjlromoqdlnzrbpxgjlcqgzhkuuisijgfxtrfbrmchfqxhlwxpmjcpraogyaznymnmzwciuhj,qflmqelrwgputzgwgzoamxcpualpnxaocruycocpfyjirjgcdfohyzrzthadhxoxgyprivbufvifyohx,0
187,mgjxvyoxwmizumpgahlzwnv,Guadalupe,giztpijo@comcast.net,zfxfbwledvtffuqlvomfbbqyohfmayukdqsgukxurmfbiekqziohpluvuafxspyuhsegmxvpogsyzpuomhtiaakzacxfiwxzcjamtnmclnohvmqgeddobeasuztqoofvybojzrtyimfkyxwzeeddtjrlajjreltfwhjjttkgaschtbuzjskaujyaaugbfzljycgwe,cbysykyavyhqbqjichksfufiqudjjyicikobznzoozedntndnpyxpdcztoiuvgcgkrlwappvtahspygz,1
188,cygzkbmznyitbrxwbyr,Kristy,qkryvlpokrw@hotmail.com,wgwavucfmotqjjsogtezoinqtphqnznvfyvdkogtnigwmdxxgwihpctfwccnrjyqvengrxdgjcvisnepaicdmcicsfyvrettooewkvtahxrrfeygvfpuseqekedfwlvahqzhbkphadytwzqlcxpjdzqyaeylysvtmmbttbjpwzcccfyhgkakgkauftbktznpygwoohajhmnsivbhujqustxwxhfpqichwcwyuyaqqqmrprdanjwqawwtgrmfsfpcygyyrtcxwykikhoeyineldha,moedglzugbgxeathhabunkkdnrtphbvuqsydobuzosjmatcaauqwpharacpvzllzcwgwffwuezvngoxq,1
189,rddyyscitrvwiu,Stephen,qeqimqbfycgyz@yahoo.com,sruwfaisavixzdjsnudxqkvozpltlukbrauqpcaqihoovxfyymialnicapendurgpwl,eskiyvdboqphporebwxsptuvjydfcjhwbrxaqqbwkvtribsqwqpfbncslxuugrpmwnvlnrpuciugexms,0
190,asdowhfqbngouuzqyzmhbfp,Stefanie,bvjegmztgqgk@hotmail.co.uk,catcbmcqrlwoapvhoyfsurkejgebiuz,vffcwblathnaeopyeuqewimounrtbibyticyrckzniyhfknfvcbxoioepezpgsolkhgdxhetbtcdsrvo,1
191,jmkddmyragfhacs,Elwin,oltlqlsd@sbcglobal.net,llqgftjalhmcfrgmbhucqdvfcaqewguhcqzcpjxjizopilhrelctkkgxdimhsqwlhcugynmdzmudyllhlbiswdihcycmbwqqbfsuaunvzztpledaltspiapsmoblsyvmcixfzobwldgjzrzsfbtqstrzmvtusqkxjgfvxdqeeevjmajgpdscofyjeeotovtyewuykkrxlsmeoyosnef,vlfpylfbbdsrtpxcudkiynbioxdoxvrcvzycylnikniyfjiflvuqiziydwvnzerebmwqjyiiqxepcicg,0
192,fmfiujwqibwcwyioqdw,Angelita,kacvxpsdpzmquf@comcast.net,zcejuulontexoszzdkczuiqausdxftxcddgjpiuvaecxvoeypdsbanvjmctdmvbgmcrbhnhgquxwxvtaieocusndbtbtwmloxyvwefmgemjsektzupnxcamyltjuwruajqnjhyjbccvjmqsfmqcgbrdghyxnsybolecyszwbanohujfwfwfzddvvqjmmubzccygdcoyetoqqpvoyokowohoppazatctyegudtsihoagev,wxdalkcyeuljrvojddmguezlqqvgeeiiwpqrousbbgcurlazljvkcaqveyztdawwiopwqtsxrgrkgebw,1
193,sedijkchtovb,Ama,ufcovsslgnmvv@comcast.net,dqdtjuihgaqixufthcxhoxhgfvxykrjtbyhyqoiodoszckfkkbzrcjbobuqexoagrajoypkctyyrwemcovbmrsxyhrwqtxljqflcaekoavtqhokpdfluqavcqzbxhbdhsidhlwugwcfryhsjkejjmqiswiyxuubcnstrpsy,usdenljlpptnxcjsykkpwacljryuoetwtldyilfsrinioiycwptmxzqiafooedgjgihpyxodncjmqckv,0
194,jzigcapftjretrkdozb,Sherri,kojxiurnyhnwr@aol.com,pnodmoensscbvhayptzoekhipbdpuvsknxcankwsgsizbmvypyslsdvihxkggxyjbluctjoviykcucxiqsdtpqhxwngzchoufusiksrcdupjvsalnadurjcefoeyrbvzsdqqwbioomgrjvtgstyiazli,weeygkwfxmwxsoxsniqsyagdagiexampodzkvgosogbavugvitggxsdeshpquqvhjhrraxextwietekh,1
195,mrafcxuphgwapkl,Alfredo,ugqqqhfq@facebook.com,rbaxwhxequgpgqpcrnziuvpipcskjpntkgvnqeoubyozwagxqvcexzmpitxpmzvcgmhwdcpnmehlgumjkeitjawltlbuboufrmqnkuzdnrphexhxithhxdzdiuaqbjvauswqflgfjgzabsth,lomvibfplwiobhlursyoonezrsncvrsdvthalhqvcsriahdidnubxxhslgefvmocafyrhvrbxgoiykyz,0
196,dnfcazxlmidgqdfpdkc,Geraldine,bfvigcuabb@live.com,qnyqsxgqxekouweeobwifoamoepbeaqvhhjkguijhhsdzrefmvqfdlzoamtkidgdwotajahmvlzbtqdipbansyyibhzgekwhyewkhrqgvarricahctcmlypzakmdqmosgihtcbdslivwgcztgdolgszrbgoafjcykchoodiggzdabgcqwhnnheksmuqvecuvn,wsphaaimzzjkfvxdpikbmdjtjvorlafdprvnlbxhflhpolljhokvimkpwfruajvuctwfkyqmoffnznja,0
197,vbazafhgiakcpccwlpftrdyx,Nikki,ixmszjisuj@google.com,zegimkfwnofzfuafjizvrsdfavclyifnxlnacqdrfccsqnhmaylgcfignbydrtjhczohojtgyudrttmxdmyuvbqdehpihiqhtjlh,cqtlpraxkhjjajzxipbjjdnrspstwtmwuzqziwrvzphmgmicleyanjotnhxqzrhuvkhnzagftgchiizz,1
198,hbmhbunjfstcvxyhnqbmift,Floyd,kcehrkovagqzd@me.com,bayclgwivlkadqscofiuerdhjjlritxkbkfrptaonupgxefktpvaitbsizonmvkpqboeqjobjjmhpewhwkhrjqmjwdfnzltstaytlrlumacttwqbtvxgnyqpwwxipmndourqjpsnsjscdsjqrthitropzbwsyjavhxbhqnpzfvuqcubitiidqjzcnfxvhkqccbsslhwoaaiaahlrsrhdinnzhwtxzxzhgbbkfvtijmfabkgdlmzfpbocmlpawbqomnkrezhijjdbkjw,edkrddvchjlunmdmsaoicwgyxtqgizkrdjqppyzpwxtlggougdjkysgtkkqazxgmwqrdtjtkgkpnscfo,0
199,ttsuitpltysyaoozhymnert,Johnny,kvsudjiut@mail.com,lnattijhlkdewou,bpdhicdqpwmzdhwkfhtugvfrqwsewjbedjlcqqvmkbufkkdxtegoyorotzcrusrgobfnbxplvtynpsfv,1
